Date,Open,Close,High,Low,Vol.,Change %
"Apr 28, 2023",79.54,78.25,79.61,77.69,13.30K,1.49%
"Apr 27, 2023",78.37,77.77,78.61,77.39,104.39K,0.88%
"Apr 26, 2023",77.69,80.92,81.47,77.46,172.82K,-3.81%
"Apr 25, 2023",80.77,82.59,83.06,80.35,209.28K,-2.37%
"Apr 24, 2023",82.73,81.87,82.99,80.48,197.90K,1.31%
"Apr 21, 2023",81.66,80.79,82.05,80.45,196.85K,0.69%
"Apr 20, 2023",81.1,82.75,82.92,80.77,302.90K,-2.43%
"Apr 19, 2023",83.12,84.9,85.15,82.39,333.22K,-1.95%
"Apr 18, 2023",84.77,84.74,85.41,83.81,315.70K,0.01%
"Apr 17, 2023",84.76,86.43,86.52,84.34,261.81K,-1.80%
"Apr 14, 2023",86.31,86.18,86.87,85.53,262.58K,0.26%
"Apr 13, 2023",86.09,87.19,87.47,86.05,291.94K,-1.42%
"Apr 12, 2023",87.33,85.59,87.49,85.39,347.80K,2.01%
"Apr 11, 2023",85.61,84.24,85.67,83.75,262.67K,1.70%
"Apr 10, 2023",84.18,85.1,85.66,84.09,140.53K,-1.10%
"Apr 06, 2023",85.12,84.89,85.45,84.05,259.62K,0.15%
"Apr 05, 2023",84.99,85.22,85.54,84.01,246.48K,0.06%
"Apr 04, 2023",84.94,84.89,86.04,83.82,308.53K,0.01%
"Apr 03, 2023",84.93,86.0,86.44,83.5,478.31K,6.47%
"Mar 31, 2023",79.77,79.19,79.8,78.54,6.85K,0.63%
"Mar 30, 2023",79.27,78.23,79.55,77.86,62.92K,1.26%
"Mar 29, 2023",78.28,78.97,79.68,77.94,79.54K,-0.47%
"Mar 28, 2023",78.65,78.23,79.2,77.54,145.68K,0.68%
"Mar 27, 2023",78.12,75.0,78.42,74.8,146.95K,4.17%
"Mar 24, 2023",74.99,75.53,76.32,72.68,156.31K,-1.21%
"Mar 23, 2023",75.91,75.87,77.44,75.12,199.64K,-1.02%
"Mar 22, 2023",76.69,75.15,77.12,74.5,194.04K,1.82%
"Mar 21, 2023",75.32,73.64,75.42,72.82,226.84K,2.07%
"Mar 20, 2023",73.79,73.01,73.87,70.12,282.57K,1.12%
"Mar 17, 2023",72.97,74.7,75.92,71.4,427.49K,-2.32%
"Mar 16, 2023",74.7,74.3,75.54,71.86,332.59K,1.37%
"Mar 15, 2023",73.69,77.82,78.73,71.67,547.56K,-4.85%
"Mar 14, 2023",77.45,80.54,80.92,76.89,357.86K,-4.11%
"Mar 13, 2023",80.77,82.6,83.48,78.34,467.28K,-2.43%
"Mar 10, 2023",82.78,81.47,83.11,80.73,369.28K,1.46%
"Mar 09, 2023",81.59,82.55,84.0,81.42,282.56K,-1.29%
"Mar 08, 2023",82.66,83.03,83.59,82.06,297.09K,-0.76%
"Mar 07, 2023",83.29,86.23,86.75,82.83,295.19K,-3.35%
"Mar 06, 2023",86.18,85.83,86.35,84.34,244.34K,0.41%
"Mar 03, 2023",85.83,84.61,86.0,82.36,312.90K,1.27%
"Mar 02, 2023",84.75,84.31,85.1,83.83,214.22K,0.52%
"Mar 01, 2023",84.31,83.05,84.49,82.61,242.66K,0.50%
"Feb 28, 2023",83.89,82.3,84.15,82.19,12.30K,1.75%
"Feb 27, 2023",82.45,83.19,83.6,81.73,58.85K,-0.85%
"Feb 24, 2023",83.16,82.49,83.39,81.07,107.15K,1.16%
"Feb 23, 2023",82.21,80.48,82.77,80.4,157.67K,2.00%
"Feb 22, 2023",80.6,82.78,83.25,80.43,253.14K,-2.95%
"Feb 21, 2023",83.05,83.86,84.2,82.56,231.63K,-1.21%
"Feb 20, 2023",84.07,83.15,84.3,82.73,143.85K,1.29%
"Feb 17, 2023",83.0,84.6,84.87,81.8,303.66K,-2.51%
"Feb 16, 2023",85.14,85.27,86.21,84.6,197.02K,-0.28%
"Feb 15, 2023",85.38,85.2,85.85,83.88,245.98K,-0.23%
"Feb 14, 2023",85.58,85.83,86.42,84.13,231.63K,-1.19%
"Feb 13, 2023",86.61,86.51,86.95,85.1,207.62K,0.25%
"Feb 10, 2023",86.39,84.22,86.9,83.93,297.34K,2.24%
"Feb 09, 2023",84.5,84.96,85.5,83.05,260.73K,-0.69%
"Feb 08, 2023",85.09,84.11,85.15,83.51,254.14K,1.67%
"Feb 07, 2023",83.69,81.26,84.13,81.19,290.98K,3.33%
"Feb 06, 2023",80.99,79.61,81.43,79.1,325.21K,1.31%
"Feb 03, 2023",79.94,82.27,84.2,79.62,330.32K,-2.71%
"Feb 02, 2023",82.17,83.34,83.61,81.25,287.09K,-0.81%
"Feb 01, 2023",82.84,85.56,86.21,82.37,348.66K,-1.95%
"Jan 31, 2023",84.49,85.18,85.25,83.73,11.89K,-0.48%
"Jan 30, 2023",84.9,86.88,87.48,84.66,65.55K,-2.03%
"Jan 27, 2023",86.66,87.65,88.95,85.69,107.08K,-0.93%
"Jan 26, 2023",87.47,86.35,88.01,85.74,139.10K,1.57%
"Jan 25, 2023",86.12,86.28,87.0,85.41,159.47K,-0.01%
"Jan 24, 2023",86.13,88.07,88.71,85.8,207.75K,-2.34%
"Jan 23, 2023",88.19,87.7,89.09,86.92,192.41K,0.64%
"Jan 20, 2023",87.63,86.42,87.79,85.58,212.92K,1.71%
"Jan 19, 2023",86.16,84.34,86.85,83.76,250.96K,1.39%
"Jan 18, 2023",84.98,86.45,87.85,84.36,288.15K,-1.09%
"Jan 17, 2023",85.92,84.2,86.82,84.04,238.30K,1.73%
"Jan 16, 2023",84.46,85.36,85.59,83.83,125.96K,-0.96%
"Jan 13, 2023",85.28,83.91,85.5,83.5,217.40K,1.49%
"Jan 12, 2023",84.03,82.88,84.62,82.37,264.07K,1.65%
"Jan 11, 2023",82.67,79.52,83.0,79.31,273.79K,3.21%
"Jan 10, 2023",80.1,79.54,80.89,78.81,244.35K,0.56%
"Jan 09, 2023",79.65,78.42,81.37,78.42,245.12K,1.37%
"Jan 06, 2023",78.57,78.8,80.59,78.05,215.42K,-0.15%
"Jan 05, 2023",78.69,78.16,79.97,77.61,259.58K,1.09%
"Jan 04, 2023",77.84,82.31,82.72,77.72,319.31K,-5.19%
"Jan 03, 2023",82.1,85.96,87.0,81.78,302.86K,-4.43%
"Dec 30, 2022",85.91,83.71,86.0,82.88,168.65K,4.44%
"Dec 29, 2022",82.26,82.88,83.14,81.28,10.99K,-1.20%
"Dec 28, 2022",83.26,84.6,84.76,81.92,57.56K,-1.27%
"Dec 27, 2022",84.33,84.5,85.6,83.65,62.00K,0.49%
"Dec 23, 2022",83.92,81.69,84.12,81.29,82.36K,3.63%
"Dec 22, 2022",80.98,82.52,83.85,80.67,166.01K,-1.48%
"Dec 21, 2022",82.2,79.94,82.52,79.55,148.44K,2.76%
"Dec 20, 2022",79.99,80.25,80.89,78.28,183.95K,0.24%
"Dec 19, 2022",79.8,79.21,80.87,78.6,174.24K,0.96%
"Dec 16, 2022",79.04,81.32,81.78,78.29,243.49K,-2.67%
"Dec 15, 2022",81.21,82.76,83.18,80.83,194.97K,-1.80%
"Dec 14, 2022",82.7,80.35,83.15,80.11,209.83K,2.50%
"Dec 13, 2022",80.68,78.13,81.28,78.1,243.82K,3.45%
"Dec 12, 2022",77.99,76.88,78.59,75.26,213.07K,2.48%
"Dec 09, 2022",76.1,76.63,77.48,75.11,216.50K,-0.07%
"Dec 08, 2022",76.15,77.46,79.17,75.74,259.02K,-1.32%
"Dec 07, 2022",77.17,79.76,80.49,76.91,279.37K,-2.75%
"Dec 06, 2022",79.35,83.28,83.69,78.7,309.55K,-4.03%
"Dec 05, 2022",82.68,85.73,88.44,82.52,252.90K,-3.38%
"Dec 02, 2022",85.57,86.9,87.91,85.16,198.73K,-1.51%
"Dec 01, 2022",86.88,86.78,89.37,86.26,229.13K,1.70%
"Nov 30, 2022",85.43,83.77,85.67,83.61,9.05K,2.89%
"Nov 29, 2022",83.03,82.41,86.0,82.39,67.93K,-0.19%
"Nov 28, 2022",83.19,83.58,84.1,80.61,102.56K,-0.53%
"Nov 25, 2022",83.63,85.5,86.87,83.59,85.31K,-2.00%
"Nov 24, 2022",85.34,85.04,85.54,83.9,75.61K,-0.08%
"Nov 23, 2022",85.41,88.47,89.56,84.12,212.14K,-3.34%
"Nov 22, 2022",88.36,87.76,89.9,87.35,190.85K,1.04%
"Nov 21, 2022",87.45,87.74,87.98,82.31,354.60K,-0.19%
"Nov 18, 2022",87.62,90.1,90.63,85.8,379.66K,-2.41%
"Nov 17, 2022",89.78,92.73,92.91,89.53,313.53K,-3.32%
"Nov 16, 2022",92.86,94.11,94.79,91.67,257.62K,-1.07%
"Nov 15, 2022",93.86,92.59,95.77,91.53,317.50K,0.77%
"Nov 14, 2022",93.14,95.87,96.95,92.5,248.25K,-2.97%
"Nov 11, 2022",95.99,93.84,96.92,93.69,238.07K,2.48%
"Nov 10, 2022",93.67,92.53,94.32,91.73,278.53K,1.10%
"Nov 09, 2022",92.65,95.17,95.65,92.33,308.02K,-2.84%
"Nov 08, 2022",95.36,98.24,98.3,95.0,251.67K,-2.61%
"Nov 07, 2022",97.92,97.31,99.56,96.5,241.94K,-0.66%
"Nov 04, 2022",98.57,94.58,98.81,94.33,307.09K,4.12%
"Nov 03, 2022",94.67,95.36,95.98,94.19,229.12K,-1.55%
"Nov 02, 2022",96.16,94.85,96.5,94.01,253.00K,1.60%
"Nov 01, 2022",94.65,92.67,95.55,92.33,247.65K,-0.19%
"Oct 31, 2022",94.83,96.47,96.47,94.25,15.00K,-0.98%
"Oct 28, 2022",95.77,96.58,96.89,94.96,89.94K,-1.23%
"Oct 27, 2022",96.96,96.05,97.27,95.07,84.57K,1.33%
"Oct 26, 2022",95.69,92.91,96.25,92.06,138.00K,2.32%
"Oct 25, 2022",93.52,93.47,94.38,91.62,165.51K,0.28%
"Oct 24, 2022",93.26,93.59,94.4,91.22,179.20K,-0.26%
"Oct 21, 2022",93.5,92.45,93.8,91.0,203.28K,1.21%
"Oct 20, 2022",92.38,92.4,94.77,91.91,237.54K,-0.03%
"Oct 19, 2022",92.41,90.79,92.85,89.32,272.35K,2.64%
"Oct 18, 2022",90.03,91.99,92.66,88.77,320.42K,-1.74%
"Oct 17, 2022",91.62,91.71,93.21,90.83,203.80K,-0.01%
"Oct 14, 2022",91.63,94.53,95.11,91.28,210.77K,-3.11%
"Oct 13, 2022",94.57,92.49,94.92,91.08,280.52K,2.29%
"Oct 12, 2022",92.45,93.72,95.17,91.56,257.66K,-1.95%
"Oct 11, 2022",94.29,95.93,96.46,93.11,259.03K,-1.98%
"Oct 10, 2022",96.19,98.75,98.75,95.6,215.37K,-1.77%
"Oct 07, 2022",97.92,94.71,98.58,93.94,269.40K,3.71%
"Oct 06, 2022",94.42,93.71,94.98,92.72,207.53K,1.12%
"Oct 05, 2022",93.37,91.89,93.96,90.76,296.20K,1.71%
"Oct 04, 2022",91.8,88.81,92.4,88.78,282.38K,3.31%
"Oct 03, 2022",88.86,86.35,89.82,86.35,270.69K,1.02%
"Sep 30, 2022",87.96,88.53,89.8,87.69,5.89K,-0.60%
"Sep 29, 2022",88.49,88.97,90.12,87.33,57.86K,-0.93%
"Sep 28, 2022",89.32,86.14,89.47,84.26,74.33K,3.54%
"Sep 27, 2022",86.27,84.05,87.15,84.01,104.09K,2.63%
"Sep 26, 2022",84.06,86.62,87.65,83.65,119.60K,-2.43%
"Sep 23, 2022",86.15,90.46,90.84,85.5,180.10K,-4.76%
"Sep 22, 2022",90.46,89.99,92.81,89.3,170.28K,0.70%
"Sep 21, 2022",89.83,90.74,93.5,89.3,216.93K,-0.87%
"Sep 20, 2022",90.62,92.15,93.05,89.8,188.56K,-1.50%
"Sep 19, 2022",92.0,91.43,92.57,88.5,138.53K,0.71%
"Sep 16, 2022",91.35,90.51,92.66,90.25,197.48K,0.56%
"Sep 15, 2022",90.84,94.65,94.66,90.03,257.62K,-3.46%
"Sep 14, 2022",94.1,93.4,95.8,91.93,259.90K,1.00%
"Sep 13, 2022",93.17,94.31,95.53,91.05,275.17K,-0.88%
"Sep 12, 2022",94.0,92.54,95.17,91.21,210.43K,1.25%
"Sep 09, 2022",92.84,88.62,93.12,88.6,202.94K,4.14%
"Sep 08, 2022",89.15,87.7,89.83,87.24,208.66K,1.31%
"Sep 07, 2022",88.0,92.81,93.8,87.4,300.20K,-5.20%
"Sep 06, 2022",92.83,95.19,95.94,92.3,225.95K,-3.04%
"Sep 05, 2022",95.74,93.02,96.99,93.02,144.26K,2.92%
"Sep 02, 2022",93.02,92.66,95.32,92.65,210.00K,0.71%
"Sep 01, 2022",92.36,95.18,95.68,91.81,297.55K,-4.28%
"Aug 31, 2022",96.49,99.79,100.46,95.44,10.07K,-2.84%
"Aug 30, 2022",99.31,104.9,105.45,97.55,59.83K,-5.50%
"Aug 29, 2022",105.09,100.67,105.48,100.16,53.03K,4.06%
"Aug 26, 2022",100.99,99.83,101.21,98.1,130.63K,1.66%
"Aug 25, 2022",99.34,101.73,102.47,99.12,161.49K,-1.86%
"Aug 24, 2022",101.22,100.19,101.9,99.1,183.73K,1.00%
"Aug 23, 2022",100.22,96.78,100.45,96.53,210.63K,3.88%
"Aug 22, 2022",96.48,95.95,97.28,92.36,207.64K,-0.25%
"Aug 19, 2022",96.72,96.68,97.88,94.25,178.60K,0.13%
"Aug 18, 2022",96.59,93.29,97.42,93.05,208.55K,3.14%
"Aug 17, 2022",93.65,92.67,94.48,91.51,199.19K,1.42%
"Aug 16, 2022",92.34,94.01,95.95,91.71,217.75K,-2.90%
"Aug 15, 2022",95.1,97.72,98.17,92.78,217.57K,-3.11%
"Aug 12, 2022",98.15,99.33,100.38,96.94,188.13K,-1.46%
"Aug 11, 2022",99.6,97.04,100.17,96.63,219.42K,2.26%
"Aug 10, 2022",97.4,96.34,97.97,93.63,247.74K,1.13%
"Aug 09, 2022",96.31,96.36,98.4,94.9,219.67K,-0.35%
"Aug 08, 2022",96.65,94.51,96.82,93.01,201.25K,1.82%
"Aug 05, 2022",94.92,93.65,96.4,92.78,216.20K,0.85%
"Aug 04, 2022",94.12,97.1,97.66,93.2,264.81K,-2.75%
"Aug 03, 2022",96.78,99.73,102.41,96.5,293.11K,-3.74%
"Aug 02, 2022",100.54,99.87,102.41,98.49,229.68K,0.51%
"Aug 01, 2022",100.03,103.92,104.43,99.09,272.84K,-9.07%
"Jul 29, 2022",110.01,108.0,110.67,106.9,9.13K,2.68%
"Jul 28, 2022",107.14,107.31,109.06,106.0,80.84K,0.49%
"Jul 27, 2022",106.62,104.75,107.86,103.73,77.69K,2.13%
"Jul 26, 2022",104.4,104.73,107.34,103.99,110.00K,-0.71%
"Jul 25, 2022",105.15,103.85,105.38,101.64,123.67K,1.89%
"Jul 22, 2022",103.2,103.86,105.72,101.9,137.24K,-0.64%
"Jul 21, 2022",103.86,106.49,106.78,101.5,228.70K,-2.86%
"Jul 20, 2022",106.92,107.07,107.45,105.08,186.70K,-0.40%
"Jul 19, 2022",107.35,105.74,107.61,103.6,226.40K,1.02%
"Jul 18, 2022",106.27,100.82,106.48,99.46,213.50K,5.05%
"Jul 15, 2022",101.16,99.91,102.64,98.17,218.09K,2.08%
"Jul 14, 2022",99.1,99.43,100.39,94.5,318.79K,-0.47%
"Jul 13, 2022",99.57,98.5,101.21,98.28,247.47K,0.08%
"Jul 12, 2022",99.49,106.25,106.56,98.9,275.62K,-7.11%
"Jul 11, 2022",107.1,107.0,107.7,103.64,194.66K,0.07%
"Jul 08, 2022",107.02,104.65,107.47,103.67,238.35K,2.26%
"Jul 07, 2022",104.65,100.14,106.35,98.5,279.66K,3.93%
"Jul 06, 2022",100.69,104.88,105.85,98.5,350.30K,-2.02%
"Jul 05, 2022",102.77,113.54,114.75,101.1,428.84K,-9.45%
"Jul 04, 2022",113.5,111.65,114.0,110.4,100.59K,1.68%
"Jul 01, 2022",111.63,109.49,112.45,108.03,235.42K,-2.77%
"Jun 30, 2022",114.81,116.01,116.67,114.22,7.11K,-1.25%
"Jun 29, 2022",116.26,117.96,120.41,115.2,54.34K,-1.46%
"Jun 28, 2022",117.98,115.74,118.27,115.72,65.76K,2.51%
"Jun 27, 2022",115.09,112.92,116.08,111.26,118.10K,1.74%
"Jun 24, 2022",113.12,110.04,114.0,109.24,134.18K,2.79%
"Jun 23, 2022",110.05,109.58,112.7,108.04,195.92K,-1.51%
"Jun 22, 2022",111.74,114.4,114.45,107.03,293.05K,-2.54%
"Jun 21, 2022",114.65,114.21,116.25,114.02,204.03K,0.46%
"Jun 20, 2022",114.13,113.88,114.5,111.52,161.60K,0.89%
"Jun 17, 2022",113.12,119.13,121.25,111.72,319.91K,-5.58%
"Jun 16, 2022",119.81,119.65,120.29,115.56,276.68K,1.10%
"Jun 15, 2022",118.51,120.79,121.88,117.75,231.06K,-2.20%
"Jun 14, 2022",121.17,121.88,125.19,118.91,291.26K,-0.90%
"Jun 13, 2022",122.27,121.94,123.7,118.93,257.11K,0.21%
"Jun 10, 2022",122.01,122.89,124.33,119.81,294.28K,-0.86%
"Jun 09, 2022",123.07,123.6,124.34,122.5,218.98K,-0.41%
"Jun 08, 2022",123.58,120.65,124.4,120.45,256.29K,2.50%
"Jun 07, 2022",120.57,119.94,121.37,118.55,276.72K,0.89%
"Jun 06, 2022",119.51,121.55,121.95,118.77,204.09K,-0.18%
"Jun 03, 2022",119.72,118.22,121.45,116.02,141.66K,1.79%
"Jun 02, 2022",117.61,115.02,118.46,112.45,216.90K,1.14%
"Jun 01, 2022",116.29,116.08,118.57,115.4,242.16K,-5.33%
"May 31, 2022",122.84,122.2,125.28,121.6,11.56K,0.96%
"May 30, 2022",121.67,119.28,122.01,118.98,42.41K,1.88%
"May 27, 2022",119.43,117.52,119.72,116.63,81.16K,1.73%
"May 26, 2022",117.4,114.35,118.0,113.85,123.58K,2.96%
"May 25, 2022",114.03,114.12,115.3,113.01,152.33K,0.41%
"May 24, 2022",113.56,112.79,114.63,111.7,191.73K,0.12%
"May 23, 2022",113.42,112.85,114.34,111.86,196.51K,0.77%
"May 20, 2022",112.55,111.45,113.23,110.52,180.89K,0.46%
"May 19, 2022",112.04,108.22,112.31,105.7,272.35K,2.69%
"May 18, 2022",109.11,112.91,114.15,108.35,245.04K,-2.52%
"May 17, 2022",111.93,114.42,115.69,111.09,277.89K,-2.02%
"May 16, 2022",114.24,111.67,114.79,108.84,218.44K,2.41%
"May 13, 2022",111.55,108.25,111.69,107.79,220.32K,3.82%
"May 12, 2022",107.45,107.67,108.71,104.69,264.26K,-0.06%
"May 11, 2022",107.51,101.51,108.29,101.3,287.53K,4.93%
"May 10, 2022",102.46,105.5,106.96,101.54,327.99K,-3.28%
"May 09, 2022",105.94,112.94,113.2,105.0,302.17K,-5.74%
"May 06, 2022",112.39,111.27,113.5,109.87,249.83K,1.34%
"May 05, 2022",110.9,110.55,114.0,109.2,279.88K,0.69%
"May 04, 2022",110.14,105.91,111.0,105.46,241.68K,4.93%
"May 03, 2022",104.97,107.61,108.32,104.62,184.20K,-2.43%
"May 02, 2022",107.58,106.3,108.46,103.1,151.34K,-1.61%
"Apr 29, 2022",109.34,107.55,110.3,107.0,12.02K,1.63%
"Apr 28, 2022",107.59,104.96,108.0,103.29,73.32K,2.16%
"Apr 27, 2022",105.32,105.45,106.33,103.27,67.06K,0.31%
"Apr 26, 2022",104.99,102.53,106.2,101.08,138.20K,2.61%
"Apr 25, 2022",102.32,105.49,105.85,99.48,156.35K,-4.06%
"Apr 22, 2022",106.65,108.26,108.76,105.54,125.87K,-1.55%
"Apr 21, 2022",108.33,107.07,109.8,106.76,185.38K,1.43%
"Apr 20, 2022",106.8,108.1,109.0,104.65,243.67K,-0.42%
"Apr 19, 2022",107.25,112.85,114.21,106.74,239.91K,-5.22%
"Apr 18, 2022",113.16,112.32,114.84,110.71,132.15K,1.31%
"Apr 14, 2022",111.7,108.29,112.39,106.63,210.18K,2.68%
"Apr 13, 2022",108.78,105.44,109.0,104.06,247.26K,3.96%
"Apr 12, 2022",104.64,99.35,105.6,98.9,273.95K,6.26%
"Apr 11, 2022",98.48,103.21,103.3,97.57,238.69K,-4.18%
"Apr 08, 2022",102.78,101.42,103.3,99.65,217.64K,2.19%
"Apr 07, 2022",100.58,101.78,103.59,98.41,296.03K,-0.48%
"Apr 06, 2022",101.07,105.7,108.67,100.54,286.52K,-5.22%
"Apr 05, 2022",106.64,108.51,109.9,104.53,203.06K,-0.83%
"Apr 04, 2022",107.53,104.08,108.68,102.89,218.68K,3.01%
"Apr 01, 2022",104.39,105.25,106.24,102.35,238.62K,-3.26%
"Mar 31, 2022",107.91,112.81,112.94,106.5,8.68K,-4.88%
"Mar 30, 2022",113.45,112.0,114.8,110.74,72.33K,2.92%
"Mar 29, 2022",110.23,110.1,114.83,104.84,93.68K,-2.00%
"Mar 28, 2022",112.48,119.9,119.9,109.06,150.82K,-6.77%
"Mar 25, 2022",120.65,118.88,120.92,115.16,133.46K,1.36%
"Mar 24, 2022",119.03,121.56,123.74,116.93,177.66K,-2.11%
"Mar 23, 2022",121.6,114.7,122.34,114.45,224.53K,5.30%
"Mar 22, 2022",115.48,117.04,119.48,112.64,204.66K,-0.12%
"Mar 21, 2022",115.62,107.5,116.8,107.06,196.49K,7.12%
"Mar 18, 2022",107.93,106.8,109.59,105.78,168.91K,1.21%
"Mar 17, 2022",106.64,98.61,107.5,97.75,200.95K,8.79%
"Mar 16, 2022",98.02,99.14,103.7,96.93,246.82K,-1.89%
"Mar 15, 2022",99.91,105.34,105.71,97.44,318.12K,-6.54%
"Mar 14, 2022",106.9,113.15,113.15,103.49,265.91K,-5.12%
"Mar 11, 2022",112.67,110.26,113.91,107.13,287.39K,3.05%
"Mar 10, 2022",109.33,112.65,118.36,109.0,352.34K,-1.63%
"Mar 09, 2022",111.14,130.28,131.64,105.6,521.58K,-13.16%
"Mar 08, 2022",127.98,124.56,133.15,121.31,469.99K,3.87%
"Mar 07, 2022",123.21,122.79,139.13,119.04,419.93K,4.32%
"Mar 04, 2022",118.11,114.23,118.98,109.62,334.41K,6.93%
"Mar 03, 2022",110.46,115.27,119.84,109.4,452.52K,-2.19%
"Mar 02, 2022",112.93,107.34,115.11,106.83,490.57K,7.58%
"Mar 01, 2022",104.97,98.43,107.67,98.3,492.51K,3.94%
"Feb 28, 2022",100.99,101.98,105.07,99.64,22.96K,3.12%
"Feb 25, 2022",97.93,100.69,101.99,96.0,68.98K,-1.16%
"Feb 24, 2022",99.08,98.08,105.79,97.56,167.79K,2.31%
"Feb 23, 2022",96.84,96.65,98.71,95.81,238.63K,0.00%
"Feb 22, 2022",96.84,96.55,99.5,95.8,316.38K,1.52%
"Feb 21, 2022",95.39,94.29,97.4,92.57,217.04K,1.98%
"Feb 18, 2022",93.54,92.73,94.15,90.12,348.35K,0.61%
"Feb 17, 2022",92.97,92.2,94.5,92.14,347.79K,-1.94%
"Feb 16, 2022",94.81,93.49,96.07,91.11,393.79K,1.64%
"Feb 15, 2022",93.28,95.81,96.26,92.06,378.25K,-3.32%
"Feb 14, 2022",96.48,95.2,96.78,93.44,373.09K,2.16%
"Feb 11, 2022",94.44,91.17,95.66,90.51,452.11K,3.31%
"Feb 10, 2022",91.41,91.75,93.1,90.88,369.01K,-0.15%
"Feb 09, 2022",91.55,91.08,92.09,90.05,294.00K,0.85%
"Feb 08, 2022",90.78,92.63,92.93,89.93,368.55K,-2.06%
"Feb 07, 2022",92.69,92.75,94.0,92.13,317.29K,-0.62%
"Feb 04, 2022",93.27,91.3,93.7,91.2,322.13K,2.37%
"Feb 03, 2022",91.11,89.07,91.3,88.02,301.79K,1.83%
"Feb 02, 2022",89.47,89.48,90.52,88.28,319.43K,0.35%
"Feb 01, 2022",89.16,89.62,89.96,87.72,271.77K,-2.25%
"Jan 31, 2022",91.21,90.8,91.48,90.61,11.01K,1.31%
"Jan 28, 2022",90.03,89.98,91.7,89.41,102.01K,0.77%
"Jan 27, 2022",89.34,89.7,91.04,89.0,131.70K,-0.69%
"Jan 26, 2022",89.96,87.95,90.47,87.79,260.11K,2.00%
"Jan 25, 2022",88.2,86.76,88.37,86.2,256.21K,2.24%
"Jan 24, 2022",86.27,87.93,88.9,85.04,309.89K,-1.84%
"Jan 21, 2022",87.89,86.75,88.23,85.71,288.21K,-0.55%
"Jan 20, 2022",88.38,87.89,89.5,87.05,279.52K,-0.07%
"Jan 19, 2022",88.44,88.65,89.17,87.61,350.94K,1.06%
"Jan 18, 2022",87.51,86.47,88.66,86.44,356.88K,1.19%
"Jan 17, 2022",86.48,86.15,86.71,85.54,139.82K,0.49%
"Jan 14, 2022",86.06,84.12,86.5,83.99,304.72K,1.88%
"Jan 13, 2022",84.47,84.87,85.1,83.79,265.20K,-0.24%
"Jan 12, 2022",84.67,83.78,85.21,83.52,301.39K,1.13%
"Jan 11, 2022",83.72,81.08,83.98,80.89,324.94K,3.52%
"Jan 10, 2022",80.87,81.76,82.3,80.5,300.65K,-1.08%
"Jan 07, 2022",81.75,82.0,83.0,81.42,286.11K,-0.29%
"Jan 06, 2022",81.99,80.22,82.83,79.61,353.16K,1.47%
"Jan 05, 2022",80.8,80.07,81.5,79.51,331.74K,1.00%
"Jan 04, 2022",80.0,78.91,80.55,78.62,291.68K,1.29%
"Jan 03, 2022",78.98,78.11,79.28,77.04,201.03K,1.54%
"Dec 31, 2021",77.78,78.81,79.68,77.55,148.96K,-1.94%
"Dec 30, 2021",79.32,79.19,79.66,78.5,10.90K,0.11%
"Dec 29, 2021",79.23,79.28,80.17,78.13,69.63K,0.37%
"Dec 28, 2021",78.94,78.67,79.85,78.48,50.41K,0.43%
"Dec 27, 2021",78.6,76.32,79.08,75.75,85.39K,3.23%
"Dec 24, 2021",76.14,76.72,76.79,75.75,30.54K,-0.92%
"Dec 23, 2021",76.85,75.47,77.0,74.78,161.24K,2.07%
"Dec 22, 2021",75.29,74.05,75.67,73.62,166.71K,1.77%
"Dec 21, 2021",73.98,71.88,74.27,71.24,214.07K,3.44%
"Dec 20, 2021",71.52,72.82,72.87,69.28,333.76K,-2.72%
"Dec 17, 2021",73.52,74.5,74.98,72.65,231.41K,-2.00%
"Dec 16, 2021",75.02,74.47,75.61,74.0,223.64K,1.54%
"Dec 15, 2021",73.88,73.25,74.58,72.5,233.19K,0.24%
"Dec 14, 2021",73.7,74.42,75.16,72.57,277.86K,-0.93%
"Dec 13, 2021",74.39,75.37,76.39,74.2,265.51K,-1.01%
"Dec 10, 2021",75.15,73.99,75.71,73.8,221.36K,0.98%
"Dec 09, 2021",74.42,75.94,76.7,73.84,283.39K,-1.85%
"Dec 08, 2021",75.82,75.44,76.37,74.38,322.08K,0.50%
"Dec 07, 2021",75.44,73.6,76.27,73.2,312.28K,3.23%
"Dec 06, 2021",73.08,70.24,73.8,70.24,255.40K,4.58%
"Dec 03, 2021",69.88,70.22,72.62,69.24,331.82K,0.30%
"Dec 02, 2021",69.67,69.72,70.7,65.72,526.60K,1.16%
"Dec 01, 2021",68.87,69.8,72.87,68.14,420.40K,-2.41%
"Nov 30, 2021",70.57,74.42,74.56,70.22,24.82K,-3.91%
"Nov 29, 2021",73.44,73.88,77.02,72.41,126.35K,0.99%
"Nov 26, 2021",72.72,81.65,81.66,72.14,170.78K,-11.55%
"Nov 25, 2021",82.22,82.24,82.58,81.7,80.45K,-0.04%
"Nov 24, 2021",82.25,81.88,83.0,81.74,231.07K,-0.07%
"Nov 23, 2021",82.31,79.51,82.6,78.55,366.60K,3.27%
"Nov 22, 2021",79.7,78.58,80.07,77.58,350.90K,1.03%
"Nov 19, 2021",78.89,81.0,82.24,78.05,479.93K,-2.89%
"Nov 18, 2021",81.24,80.1,81.41,79.28,306.85K,1.20%
"Nov 17, 2021",80.28,82.05,82.22,79.78,406.75K,-2.61%
"Nov 16, 2021",82.43,82.0,83.14,81.52,340.72K,0.46%
"Nov 15, 2021",82.05,81.92,82.49,80.67,273.72K,-0.15%
"Nov 12, 2021",82.17,82.83,82.87,81.26,289.30K,-0.84%
"Nov 11, 2021",82.87,82.85,83.44,81.66,336.14K,0.28%
"Nov 10, 2021",82.64,84.99,85.5,82.08,366.31K,-2.52%
"Nov 09, 2021",84.78,83.47,85.3,83.16,346.57K,1.62%
"Nov 08, 2021",83.43,82.58,84.0,82.53,269.60K,0.83%
"Nov 05, 2021",82.74,81.25,83.16,80.26,379.69K,2.73%
"Nov 04, 2021",80.54,81.58,84.49,80.2,472.43K,-1.77%
"Nov 03, 2021",81.99,84.07,84.2,81.1,380.11K,-3.22%
"Nov 02, 2021",84.72,84.45,85.23,83.76,317.07K,0.01%
"Nov 01, 2021",84.71,83.63,85.12,83.03,302.90K,0.39%
"Oct 29, 2021",84.38,84.33,84.83,83.79,22.77K,0.07%
"Oct 28, 2021",84.32,84.21,84.59,82.32,118.14K,-0.31%
"Oct 27, 2021",84.58,86.07,86.28,84.05,149.75K,-2.11%
"Oct 26, 2021",86.4,86.03,86.5,85.27,222.56K,0.48%
"Oct 25, 2021",85.99,85.65,86.7,85.43,294.55K,0.54%
"Oct 22, 2021",85.53,84.52,85.93,83.82,298.35K,1.09%
"Oct 21, 2021",84.61,85.9,86.1,83.36,373.65K,-1.41%
"Oct 20, 2021",85.82,85.19,85.89,83.61,378.69K,0.87%
"Oct 19, 2021",85.08,84.21,85.4,83.7,371.79K,0.89%
"Oct 18, 2021",84.33,84.95,86.04,83.95,340.96K,-0.62%
"Oct 15, 2021",84.86,84.3,85.1,84.16,276.47K,1.02%
"Oct 14, 2021",84.0,83.45,84.5,83.18,316.64K,0.99%
"Oct 13, 2021",83.18,83.1,83.69,82.2,333.68K,-0.29%
"Oct 12, 2021",83.42,83.49,84.23,82.72,331.41K,-0.27%
"Oct 11, 2021",83.65,82.65,84.6,82.54,330.44K,1.53%
"Oct 08, 2021",82.39,82.38,83.43,81.96,360.97K,0.54%
"Oct 07, 2021",81.95,80.98,82.5,79.08,393.10K,1.07%
"Oct 06, 2021",81.08,82.57,83.47,80.6,401.36K,-1.79%
"Oct 05, 2021",82.56,81.27,83.13,81.19,340.27K,1.60%
"Oct 04, 2021",81.26,79.49,82.0,78.75,362.37K,2.50%
"Oct 01, 2021",79.28,78.49,79.41,77.55,282.37K,0.97%
"Sep 30, 2021",78.52,78.46,79.11,77.6,20.51K,-0.15%
"Sep 29, 2021",78.64,78.25,79.4,77.5,97.97K,-0.57%
"Sep 28, 2021",79.09,79.4,80.75,78.1,132.33K,-0.55%
"Sep 27, 2021",79.53,78.25,79.9,78.21,231.13K,1.84%
"Sep 24, 2021",78.09,77.26,78.24,76.85,163.23K,1.09%
"Sep 23, 2021",77.25,75.9,77.35,75.6,226.59K,1.39%
"Sep 22, 2021",76.19,74.56,76.26,74.49,255.75K,2.46%
"Sep 21, 2021",74.36,74.33,75.18,73.26,258.71K,0.60%
"Sep 20, 2021",73.92,75.33,75.4,73.52,313.75K,-1.88%
"Sep 17, 2021",75.34,75.68,75.78,74.58,254.86K,-0.44%
"Sep 16, 2021",75.67,75.46,75.87,74.48,236.51K,0.28%
"Sep 15, 2021",75.46,73.92,76.13,73.78,289.45K,2.53%
"Sep 14, 2021",73.6,73.62,74.28,73.08,278.58K,0.12%
"Sep 13, 2021",73.51,72.88,73.92,72.69,244.73K,0.81%
"Sep 10, 2021",72.92,71.37,73.15,70.94,250.51K,2.06%
"Sep 09, 2021",71.45,72.61,73.2,70.88,377.81K,-1.58%
"Sep 08, 2021",72.6,71.64,72.95,71.55,325.36K,1.27%
"Sep 07, 2021",71.69,72.29,72.81,71.1,257.40K,-0.73%
"Sep 06, 2021",72.22,72.57,72.78,71.51,127.87K,-0.54%
"Sep 03, 2021",72.61,72.86,73.69,72.4,211.42K,-0.58%
"Sep 02, 2021",73.03,71.31,73.47,70.92,255.42K,2.01%
"Sep 01, 2021",71.59,71.68,72.38,70.42,282.49K,-1.92%
"Aug 31, 2021",72.99,73.14,73.52,72.62,12.59K,-0.57%
"Aug 30, 2021",73.41,73.25,73.69,72.0,68.66K,0.98%
"Aug 27, 2021",72.7,71.53,72.76,71.17,92.20K,2.29%
"Aug 26, 2021",71.07,71.94,72.13,70.66,179.57K,-1.63%
"Aug 25, 2021",72.25,71.0,72.42,70.5,242.07K,1.69%
"Aug 24, 2021",71.05,68.66,71.27,68.53,301.30K,3.35%
"Aug 23, 2021",68.75,64.97,68.9,64.6,271.56K,5.48%
"Aug 20, 2021",65.18,66.54,66.93,64.94,254.45K,-1.91%
"Aug 19, 2021",66.45,67.57,67.64,65.57,345.97K,-2.61%
"Aug 18, 2021",68.23,68.96,70.04,67.23,316.98K,-1.16%
"Aug 17, 2021",69.03,69.77,70.0,68.82,239.96K,-0.69%
"Aug 16, 2021",69.51,70.05,70.45,68.14,294.02K,-1.53%
"Aug 13, 2021",70.59,71.12,71.38,70.0,202.42K,-1.01%
"Aug 12, 2021",71.31,71.57,71.9,70.67,224.99K,-0.18%
"Aug 11, 2021",71.44,70.83,71.72,69.07,324.04K,1.15%
"Aug 10, 2021",70.63,69.35,71.24,68.94,246.13K,2.30%
"Aug 09, 2021",69.04,70.26,70.26,67.6,353.68K,-2.35%
"Aug 06, 2021",70.7,71.2,72.43,70.28,298.96K,-0.83%
"Aug 05, 2021",71.29,70.27,71.5,69.75,261.05K,1.29%
"Aug 04, 2021",70.38,72.33,72.83,70.11,370.13K,-2.80%
"Aug 03, 2021",72.41,73.08,73.55,71.05,303.73K,-0.66%
"Aug 02, 2021",72.89,75.39,75.39,72.31,304.87K,-4.51%
"Jul 30, 2021",76.33,75.81,76.38,75.38,14.39K,0.37%
"Jul 29, 2021",76.05,74.76,76.15,74.63,78.27K,1.75%
"Jul 28, 2021",74.74,74.77,75.32,74.42,111.62K,0.35%
"Jul 27, 2021",74.48,74.67,75.05,74.02,181.94K,-0.03%
"Jul 26, 2021",74.5,74.12,74.84,72.75,210.64K,0.54%
"Jul 23, 2021",74.1,73.56,74.22,73.32,181.66K,0.42%
"Jul 22, 2021",73.79,72.24,73.9,71.74,251.60K,2.16%
"Jul 21, 2021",72.23,68.92,72.38,68.63,306.32K,4.15%
"Jul 20, 2021",69.35,68.99,69.73,67.44,316.48K,1.06%
"Jul 19, 2021",68.62,72.86,73.34,67.75,510.92K,-6.75%
"Jul 16, 2021",73.59,73.18,74.09,72.34,292.66K,0.16%
"Jul 15, 2021",73.47,74.5,74.59,73.19,322.33K,-1.73%
"Jul 14, 2021",74.76,76.28,76.72,73.79,376.94K,-2.26%
"Jul 13, 2021",76.49,75.25,76.6,74.93,275.91K,1.77%
"Jul 12, 2021",75.16,75.79,75.84,74.23,262.30K,-0.52%
"Jul 09, 2021",75.55,74.39,75.8,73.8,248.18K,1.93%
"Jul 08, 2021",74.12,73.35,74.4,72.11,314.34K,0.94%
"Jul 07, 2021",73.43,74.69,75.99,72.6,387.43K,-1.48%
"Jul 06, 2021",74.53,77.06,77.84,74.13,410.70K,-3.41%
"Jul 05, 2021",77.16,76.23,77.26,75.7,157.22K,1.30%
"Jul 02, 2021",76.17,75.64,76.43,75.21,236.22K,0.44%
"Jul 01, 2021",75.84,74.69,76.74,74.55,405.16K,0.95%
"Jun 30, 2021",75.13,75.18,75.6,74.39,15.06K,0.49%
"Jun 29, 2021",74.76,74.67,75.51,73.9,94.94K,0.11%
"Jun 28, 2021",74.68,75.99,76.6,74.51,142.11K,-1.97%
"Jun 25, 2021",76.18,75.54,76.21,74.95,172.41K,0.82%
"Jun 24, 2021",75.56,75.3,75.78,74.51,165.05K,0.49%
"Jun 23, 2021",75.19,74.75,76.02,74.7,229.04K,0.51%
"Jun 22, 2021",74.81,74.88,75.3,74.32,294.72K,-0.12%
"Jun 21, 2021",74.9,73.33,74.95,72.98,265.47K,1.89%
"Jun 18, 2021",73.51,73.0,73.76,72.18,231.55K,0.59%
"Jun 17, 2021",73.08,73.8,74.5,72.01,336.64K,-1.76%
"Jun 16, 2021",74.39,74.26,74.96,73.86,306.09K,0.54%
"Jun 15, 2021",73.99,73.03,74.33,72.79,228.62K,1.55%
"Jun 14, 2021",72.86,72.7,73.64,72.59,200.72K,0.23%
"Jun 11, 2021",72.69,72.41,73.09,71.88,276.48K,0.23%
"Jun 10, 2021",72.52,72.03,72.93,70.95,346.58K,0.42%
"Jun 09, 2021",72.22,72.17,72.87,71.82,266.37K,0.00%
"Jun 08, 2021",72.22,71.42,72.42,70.71,285.23K,1.02%
"Jun 07, 2021",71.49,71.82,72.27,71.1,224.33K,-0.56%
"Jun 04, 2021",71.89,71.25,72.17,70.73,222.00K,0.81%
"Jun 03, 2021",71.31,71.27,71.99,70.66,229.79K,-0.06%
"Jun 02, 2021",71.35,70.55,71.48,70.35,221.63K,1.57%
"Jun 01, 2021",70.25,69.39,71.34,69.29,302.49K,1.34%
"May 31, 2021",69.32,68.98,69.82,68.75,80.18K,-0.45%
"May 28, 2021",69.63,69.69,69.92,69.26,21.26K,0.24%
"May 27, 2021",69.46,68.78,69.51,68.11,86.51K,0.86%
"May 26, 2021",68.87,68.55,69.17,68.02,134.62K,0.32%
"May 25, 2021",68.65,68.47,68.9,67.83,183.13K,0.28%
"May 24, 2021",68.46,66.72,68.64,66.46,227.25K,3.04%
"May 21, 2021",66.44,65.22,66.94,64.57,257.64K,2.04%
"May 20, 2021",65.11,66.63,67.17,64.8,388.16K,-2.33%
"May 19, 2021",66.66,68.41,68.46,65.3,386.89K,-2.98%
"May 18, 2021",68.71,69.61,70.24,67.28,378.02K,-1.08%
"May 17, 2021",69.46,68.92,69.62,68.18,230.78K,1.09%
"May 14, 2021",68.71,67.0,68.89,66.5,286.13K,2.48%
"May 13, 2021",67.05,68.88,69.04,66.48,312.00K,-3.27%
"May 12, 2021",69.32,68.78,69.9,68.18,310.30K,1.12%
"May 11, 2021",68.55,68.29,68.75,67.13,321.86K,0.34%
"May 10, 2021",68.32,68.74,69.2,67.41,265.60K,0.06%
"May 07, 2021",68.28,68.26,68.65,67.39,262.58K,0.28%
"May 06, 2021",68.09,68.47,69.37,67.93,273.28K,-1.26%
"May 05, 2021",68.96,69.35,69.95,68.35,283.73K,0.12%
"May 04, 2021",68.88,67.75,69.5,67.37,249.64K,1.95%
"May 03, 2021",67.56,66.7,67.82,66.1,148.71K,0.46%
"Apr 30, 2021",67.25,68.33,68.4,67.06,14.84K,-1.91%
"Apr 29, 2021",68.56,67.18,68.95,67.13,91.52K,1.92%
"Apr 28, 2021",67.27,66.58,67.85,66.13,148.95K,1.28%
"Apr 27, 2021",66.42,65.76,66.8,65.66,222.92K,1.17%
"Apr 26, 2021",65.65,66.1,66.26,64.57,257.58K,-0.70%
"Apr 23, 2021",66.11,65.8,66.3,65.16,187.90K,1.09%
"Apr 22, 2021",65.4,65.13,65.83,64.58,242.47K,0.12%
"Apr 21, 2021",65.32,66.22,66.52,64.96,260.88K,-1.88%
"Apr 20, 2021",66.57,67.2,68.08,65.51,328.24K,-0.72%
"Apr 19, 2021",67.05,66.7,67.23,66.17,193.81K,0.42%
"Apr 16, 2021",66.77,66.86,67.38,66.44,212.20K,-0.25%
"Apr 15, 2021",66.94,66.38,67.03,65.95,240.31K,0.54%
"Apr 14, 2021",66.58,64.01,66.9,63.88,323.04K,4.57%
"Apr 13, 2021",63.67,63.24,64.19,63.18,242.41K,0.62%
"Apr 12, 2021",63.28,63.03,64.31,62.41,257.84K,0.52%
"Apr 09, 2021",62.95,63.28,63.49,62.57,216.24K,-0.40%
"Apr 08, 2021",63.2,63.02,63.43,62.38,265.18K,0.06%
"Apr 07, 2021",63.16,62.6,63.55,61.6,321.39K,0.67%
"Apr 06, 2021",62.74,62.32,64.28,62.08,307.87K,0.95%
"Apr 05, 2021",62.15,64.57,64.81,61.25,231.78K,-4.18%
"Apr 01, 2021",64.86,63.12,65.17,62.38,480.37K,2.08%
"Mar 31, 2021",63.54,64.13,64.79,63.53,9.70K,-0.94%
"Mar 30, 2021",64.14,65.2,65.41,63.52,74.36K,-1.29%
"Mar 29, 2021",64.98,64.58,65.46,63.13,91.75K,0.63%
"Mar 26, 2021",64.57,62.01,64.89,61.85,147.74K,4.23%
"Mar 25, 2021",61.95,63.99,64.19,60.98,202.58K,-3.82%
"Mar 24, 2021",64.41,60.5,64.57,60.47,255.12K,5.95%
"Mar 23, 2021",60.79,64.3,64.3,60.27,392.60K,-5.93%
"Mar 22, 2021",64.62,64.53,65.12,63.45,236.34K,0.14%
"Mar 19, 2021",64.53,62.99,64.95,62.07,446.11K,1.98%
"Mar 18, 2021",63.28,67.77,68.15,61.45,516.08K,-6.94%
"Mar 17, 2021",68.0,68.39,68.89,66.96,309.76K,-0.57%
"Mar 16, 2021",68.39,68.81,68.94,67.36,248.99K,-0.71%
"Mar 15, 2021",68.88,69.08,70.03,67.82,262.60K,-0.49%
"Mar 12, 2021",69.22,69.59,69.9,69.03,251.54K,-0.59%
"Mar 11, 2021",69.63,68.45,69.84,67.99,289.61K,2.55%
"Mar 10, 2021",67.9,67.46,68.42,66.5,361.94K,0.56%
"Mar 09, 2021",67.52,68.13,69.33,67.12,302.61K,-1.06%
"Mar 08, 2021",68.24,69.97,71.38,67.8,352.59K,-1.61%
"Mar 05, 2021",69.36,67.16,69.69,66.67,361.76K,3.93%
"Mar 04, 2021",66.74,64.1,67.75,63.33,510.68K,4.17%
"Mar 03, 2021",64.07,62.38,64.7,62.38,341.67K,2.19%
"Mar 02, 2021",62.7,63.12,64.13,62.38,367.12K,-1.55%
"Mar 01, 2021",63.69,64.85,65.93,63.17,291.91K,-3.69%
"Feb 26, 2021",66.13,66.89,66.9,65.72,16.10K,-1.12%
"Feb 25, 2021",66.88,67.2,67.7,66.48,109.65K,-0.24%
"Feb 24, 2021",67.04,65.06,67.31,64.8,129.71K,2.55%
"Feb 23, 2021",65.37,65.51,66.79,64.47,231.18K,0.20%
"Feb 22, 2021",65.24,62.68,65.85,62.55,213.75K,3.70%
"Feb 19, 2021",62.91,63.3,63.94,62.09,305.83K,-1.60%
"Feb 18, 2021",63.93,65.02,65.52,63.22,420.56K,-0.64%
"Feb 17, 2021",64.34,63.15,64.96,62.73,391.26K,1.56%
"Feb 16, 2021",63.35,63.47,63.7,62.69,284.67K,0.08%
"Feb 15, 2021",63.3,62.83,63.76,62.82,220.38K,1.39%
"Feb 12, 2021",62.43,60.82,62.83,60.35,307.72K,2.11%
"Feb 11, 2021",61.14,61.01,61.5,60.72,209.69K,-0.54%
"Feb 10, 2021",61.47,61.21,61.69,60.87,287.71K,0.62%
"Feb 09, 2021",61.09,60.8,61.34,60.05,319.50K,0.88%
"Feb 08, 2021",60.56,59.43,60.72,59.43,269.31K,2.06%
"Feb 05, 2021",59.34,59.17,59.79,59.08,229.42K,0.85%
"Feb 04, 2021",58.84,58.59,59.12,58.04,244.07K,0.65%
"Feb 03, 2021",58.46,57.85,58.94,57.5,276.86K,1.74%
"Feb 02, 2021",57.46,56.35,58.05,56.33,337.68K,1.97%
"Feb 01, 2021",56.35,54.91,56.53,54.6,288.25K,0.84%
"Jan 29, 2021",55.88,55.52,56.37,55.31,19.94K,0.63%
"Jan 28, 2021",55.53,55.41,56.59,55.31,122.48K,-0.50%
"Jan 27, 2021",55.81,56.05,56.49,55.2,132.41K,-0.18%
"Jan 26, 2021",55.91,55.93,56.34,55.39,163.20K,0.05%
"Jan 25, 2021",55.88,55.26,56.02,55.07,198.27K,0.85%
"Jan 22, 2021",55.41,56.0,56.03,54.48,269.37K,-1.23%
"Jan 21, 2021",56.1,55.82,56.24,55.49,254.59K,0.04%
"Jan 20, 2021",56.08,56.07,56.64,55.66,310.89K,0.32%
"Jan 19, 2021",55.9,55.01,56.08,54.89,261.10K,2.10%
"Jan 18, 2021",54.75,54.75,55.21,54.49,142.87K,-0.64%
"Jan 15, 2021",55.1,56.41,56.5,54.64,298.41K,-2.34%
"Jan 14, 2021",56.42,55.93,56.57,55.24,331.29K,0.64%
"Jan 13, 2021",56.06,56.83,57.42,55.77,324.30K,-0.92%
"Jan 12, 2021",56.58,55.66,56.79,55.51,288.14K,1.65%
"Jan 11, 2021",55.66,56.24,56.39,54.99,295.07K,-0.59%
"Jan 08, 2021",55.99,54.56,56.36,54.34,336.65K,2.96%
"Jan 07, 2021",54.38,54.13,54.9,53.94,267.19K,0.15%
"Jan 06, 2021",54.3,53.52,54.73,53.02,414.41K,1.31%
"Jan 05, 2021",53.6,50.95,53.9,50.7,455.35K,4.91%
"Jan 04, 2021",51.09,51.5,53.33,50.56,382.90K,-1.37%
"Dec 31, 2020",51.8,51.49,51.84,50.9,133.22K,0.90%
"Dec 30, 2020",51.34,51.32,51.56,51.04,17.63K,0.49%
"Dec 29, 2020",51.09,51.02,51.63,50.86,91.33K,0.45%
"Dec 28, 2020",50.86,51.25,52.02,50.53,81.06K,-0.84%
"Dec 24, 2020",51.29,51.11,51.77,50.62,96.69K,0.18%
"Dec 23, 2020",51.2,49.7,51.59,49.2,182.63K,2.24%
"Dec 22, 2020",50.08,50.65,50.86,49.56,194.10K,-1.63%
"Dec 21, 2020",50.91,52.22,52.32,49.2,288.74K,-2.58%
"Dec 18, 2020",52.26,51.43,52.48,51.13,246.12K,1.48%
"Dec 17, 2020",51.5,51.12,51.9,51.08,233.88K,0.82%
"Dec 16, 2020",51.08,50.64,51.2,50.34,222.74K,0.63%
"Dec 15, 2020",50.76,50.3,50.89,49.78,190.55K,0.93%
"Dec 14, 2020",50.29,50.05,50.8,49.13,236.96K,0.64%
"Dec 11, 2020",49.97,50.45,50.74,49.74,231.87K,-0.56%
"Dec 10, 2020",50.25,49.0,51.06,48.86,288.73K,2.84%
"Dec 09, 2020",48.86,48.84,49.55,48.4,267.79K,0.04%
"Dec 08, 2020",48.84,48.58,49.0,48.09,225.24K,0.10%
"Dec 07, 2020",48.79,49.23,49.43,48.4,207.51K,-0.93%
"Dec 04, 2020",49.25,48.96,49.92,48.84,253.64K,1.11%
"Dec 03, 2020",48.71,48.0,48.94,47.67,274.73K,0.95%
"Dec 02, 2020",48.25,47.05,48.76,46.82,285.74K,1.75%
"Dec 01, 2020",47.42,47.79,48.3,46.88,258.69K,-0.36%
"Nov 30, 2020",47.59,47.91,47.99,46.85,20.68K,-1.22%
"Nov 27, 2020",48.18,47.81,48.44,47.34,87.75K,0.79%
"Nov 26, 2020",47.8,48.76,49.09,47.53,88.76K,-1.67%
"Nov 25, 2020",48.61,47.8,49.06,47.72,231.03K,1.57%
"Nov 24, 2020",47.86,45.9,48.03,45.89,263.24K,3.91%
"Nov 23, 2020",46.06,45.08,46.12,44.89,267.25K,2.45%
"Nov 20, 2020",44.96,44.15,45.24,44.05,264.01K,1.72%
"Nov 19, 2020",44.2,43.96,44.57,43.79,210.30K,-0.32%
"Nov 18, 2020",44.34,43.75,44.89,43.48,242.88K,1.35%
"Nov 17, 2020",43.75,43.89,44.25,43.08,226.35K,-0.16%
"Nov 16, 2020",43.82,42.71,44.67,42.71,268.43K,2.43%
"Nov 13, 2020",42.78,43.2,43.34,42.63,216.74K,-1.72%
"Nov 12, 2020",43.53,43.73,44.5,43.26,266.04K,-0.62%
"Nov 11, 2020",43.8,43.77,45.3,43.6,346.77K,0.44%
"Nov 10, 2020",43.61,41.75,44.11,41.71,315.25K,2.85%
"Nov 09, 2020",42.4,39.65,43.48,39.46,393.05K,7.48%
"Nov 06, 2020",39.45,40.63,40.69,39.34,255.44K,-3.62%
"Nov 05, 2020",40.93,40.96,41.53,40.33,219.20K,-0.73%
"Nov 04, 2020",41.23,40.13,41.33,39.42,250.87K,3.83%
"Nov 03, 2020",39.71,39.26,40.45,38.65,278.63K,1.90%
"Nov 02, 2020",38.97,37.37,39.36,35.74,326.07K,4.03%
"Oct 30, 2020",37.46,37.5,38.1,36.8,20.19K,-0.50%
"Oct 29, 2020",37.65,39.16,39.45,36.64,112.49K,-3.76%
"Oct 28, 2020",39.12,40.61,40.7,38.75,163.83K,-5.05%
"Oct 27, 2020",41.2,40.5,41.47,40.4,207.54K,1.83%
"Oct 26, 2020",40.46,41.53,41.63,40.22,210.53K,-3.14%
"Oct 23, 2020",41.77,42.4,42.8,41.5,205.21K,-1.63%
"Oct 22, 2020",42.46,41.59,42.79,41.46,257.20K,1.75%
"Oct 21, 2020",41.73,42.91,43.04,41.45,268.88K,-3.31%
"Oct 20, 2020",43.16,42.45,43.3,42.19,252.05K,1.27%
"Oct 19, 2020",42.62,42.69,43.23,42.36,209.06K,-0.72%
"Oct 16, 2020",42.93,43.1,43.21,42.27,197.16K,-0.53%
"Oct 15, 2020",43.16,43.45,43.48,41.56,295.28K,-0.37%
"Oct 14, 2020",43.32,42.43,43.45,42.13,279.12K,2.05%
"Oct 13, 2020",42.45,41.81,42.68,41.66,227.85K,1.75%
"Oct 12, 2020",41.72,42.6,42.71,41.36,238.87K,-2.64%
"Oct 09, 2020",42.85,43.36,43.57,42.61,254.62K,-1.13%
"Oct 08, 2020",43.34,42.15,43.47,41.86,266.26K,3.22%
"Oct 07, 2020",41.99,41.85,42.42,41.36,241.20K,-1.55%
"Oct 06, 2020",42.65,41.41,42.84,41.22,291.68K,3.29%
"Oct 05, 2020",41.29,39.19,41.78,39.14,273.76K,5.14%
"Oct 02, 2020",39.27,40.65,40.77,38.79,337.41K,-4.06%
"Oct 01, 2020",40.93,42.17,42.56,39.92,338.72K,-0.05%
"Sep 30, 2020",40.95,40.66,40.98,40.3,19.38K,-0.19%
"Sep 29, 2020",41.03,42.47,42.52,40.43,91.60K,-3.30%
"Sep 28, 2020",42.43,41.87,42.62,41.48,91.82K,1.22%
"Sep 25, 2020",41.92,41.85,42.33,41.52,129.40K,-0.05%
"Sep 24, 2020",41.94,41.36,42.02,41.27,162.93K,0.41%
"Sep 23, 2020",41.77,41.67,42.62,41.21,183.88K,0.12%
"Sep 22, 2020",41.72,41.79,42.2,41.21,210.74K,0.68%
"Sep 21, 2020",41.44,43.01,43.3,40.96,217.36K,-3.96%
"Sep 18, 2020",43.15,43.22,43.8,42.53,204.66K,-0.35%
"Sep 17, 2020",43.3,42.32,43.5,41.5,237.40K,2.56%
"Sep 16, 2020",42.22,40.72,42.44,40.59,237.25K,4.17%
"Sep 15, 2020",40.53,39.7,40.82,39.39,214.80K,2.32%
"Sep 14, 2020",39.61,39.78,40.09,39.3,200.09K,-0.55%
"Sep 11, 2020",39.83,39.96,40.34,39.38,211.88K,-0.57%
"Sep 10, 2020",40.06,40.58,40.96,39.71,208.86K,-1.79%
"Sep 09, 2020",40.79,39.65,41.2,39.37,278.22K,2.54%
"Sep 08, 2020",39.78,42.08,42.23,39.31,363.53K,-5.31%
"Sep 07, 2020",42.01,42.2,42.43,41.51,122.98K,-1.52%
"Sep 04, 2020",42.66,43.76,44.54,42.3,270.96K,-3.20%
"Sep 03, 2020",44.07,44.65,44.65,43.15,274.93K,-0.81%
"Sep 02, 2020",44.43,45.83,46.05,44.2,260.14K,-2.52%
"Sep 01, 2020",45.58,45.6,46.22,45.47,206.72K,0.66%
"Aug 31, 2020",45.28,45.8,46.53,45.21,174.31K,0.51%
"Aug 28, 2020",45.05,45.1,45.3,44.8,21.14K,-0.09%
"Aug 27, 2020",45.09,45.7,45.87,44.56,102.26K,-1.21%
"Aug 26, 2020",45.64,45.97,46.1,45.54,132.51K,-0.48%
"Aug 25, 2020",45.86,45.12,46.07,45.08,178.31K,1.62%
"Aug 24, 2020",45.13,44.5,45.18,44.29,176.64K,1.76%
"Aug 21, 2020",44.35,45.03,45.08,43.59,221.99K,-1.22%
"Aug 20, 2020",44.9,45.14,45.18,44.02,249.74K,-1.04%
"Aug 19, 2020",45.37,45.17,45.48,44.81,174.88K,-0.20%
"Aug 18, 2020",45.46,45.27,45.55,44.76,181.69K,0.20%
"Aug 17, 2020",45.37,44.86,45.41,44.53,164.23K,1.27%
"Aug 14, 2020",44.8,45.29,45.29,44.47,151.46K,-0.36%
"Aug 13, 2020",44.96,45.32,45.58,44.82,148.41K,-1.03%
"Aug 12, 2020",45.43,44.62,45.63,44.49,166.48K,2.09%
"Aug 11, 2020",44.5,45.05,45.79,44.39,202.74K,-1.09%
"Aug 10, 2020",44.99,44.66,45.26,44.37,135.30K,1.33%
"Aug 07, 2020",44.4,45.15,45.3,44.27,171.72K,-1.53%
"Aug 06, 2020",45.09,45.32,45.71,44.85,184.52K,-0.18%
"Aug 05, 2020",45.17,44.28,46.23,44.24,246.98K,1.67%
"Aug 04, 2020",44.43,43.84,44.82,43.24,227.12K,0.63%
"Aug 03, 2020",44.15,43.53,44.46,42.89,198.70K,1.96%
"Jul 31, 2020",43.3,43.29,43.44,43.05,14.42K,0.84%
"Jul 30, 2020",42.94,43.73,43.8,41.38,63.20K,-1.85%
"Jul 29, 2020",43.75,43.31,43.95,43.2,64.92K,1.23%
"Jul 28, 2020",43.22,43.55,43.84,43.0,107.34K,-0.44%
"Jul 27, 2020",43.41,43.35,43.77,42.39,174.75K,0.16%
"Jul 24, 2020",43.34,43.27,43.9,42.79,191.05K,0.07%
"Jul 23, 2020",43.31,44.1,44.77,43.13,262.24K,-2.21%
"Jul 22, 2020",44.29,44.03,44.4,43.62,202.16K,-0.07%
"Jul 21, 2020",44.32,43.17,44.89,43.16,229.78K,2.40%
"Jul 20, 2020",43.28,43.08,43.45,42.36,179.43K,0.32%
"Jul 17, 2020",43.14,43.4,43.45,42.64,162.40K,-0.53%
"Jul 16, 2020",43.37,43.71,43.8,43.14,172.16K,-0.96%
"Jul 15, 2020",43.79,43.07,43.85,42.7,232.18K,2.07%
"Jul 14, 2020",42.9,42.24,43.22,41.8,221.12K,0.42%
"Jul 13, 2020",42.72,43.12,43.34,42.14,200.31K,-1.20%
"Jul 10, 2020",43.24,42.36,43.42,41.32,214.05K,2.10%
"Jul 09, 2020",42.35,43.3,43.5,41.94,237.75K,-2.17%
"Jul 08, 2020",43.29,42.81,43.47,42.75,185.14K,0.49%
"Jul 07, 2020",43.08,43.13,43.45,42.46,183.23K,-0.05%
"Jul 06, 2020",43.1,42.79,43.71,42.74,185.02K,0.70%
"Jul 03, 2020",42.8,42.76,42.99,42.32,96.78K,-0.79%
"Jul 02, 2020",43.14,41.84,43.23,41.73,196.69K,2.64%
"Jul 01, 2020",42.03,41.58,42.62,41.03,252.52K,2.14%
"Jun 30, 2020",41.15,41.33,41.62,40.9,12.60K,-1.34%
"Jun 29, 2020",41.71,40.56,41.95,40.04,86.78K,1.68%
"Jun 26, 2020",41.02,41.44,41.81,40.29,120.32K,-0.07%
"Jun 25, 2020",41.05,40.35,41.64,39.47,166.05K,1.84%
"Jun 24, 2020",40.31,42.45,42.89,39.63,195.72K,-5.44%
"Jun 23, 2020",42.63,43.21,43.93,42.21,183.03K,-1.04%
"Jun 22, 2020",43.08,41.74,43.18,41.58,187.65K,2.11%
"Jun 19, 2020",42.19,41.72,42.92,41.03,217.49K,1.64%
"Jun 18, 2020",41.51,40.43,41.64,40.06,175.79K,1.97%
"Jun 17, 2020",40.71,40.61,41.46,40.03,175.24K,-0.61%
"Jun 16, 2020",40.96,39.94,41.65,38.95,248.58K,3.12%
"Jun 15, 2020",39.72,38.8,39.9,37.24,215.42K,2.56%
"Jun 12, 2020",38.73,37.88,39.45,37.01,237.89K,0.47%
"Jun 11, 2020",38.55,40.95,41.01,37.82,290.17K,-7.62%
"Jun 10, 2020",41.73,40.72,41.99,40.14,234.19K,1.34%
"Jun 09, 2020",41.18,41.1,41.45,39.85,222.36K,0.93%
"Jun 08, 2020",40.8,42.4,43.41,40.68,227.88K,-3.55%
"Jun 05, 2020",42.3,39.84,42.48,39.72,250.31K,5.78%
"Jun 04, 2020",39.99,39.6,40.1,39.04,172.61K,0.50%
"Jun 03, 2020",39.79,39.75,40.53,38.76,239.43K,0.56%
"Jun 02, 2020",39.57,38.34,39.75,38.26,205.22K,3.26%
"Jun 01, 2020",38.32,37.56,38.68,37.18,212.78K,8.46%
"May 29, 2020",35.33,35.15,35.37,34.06,14.71K,0.11%
"May 28, 2020",35.29,33.92,35.95,33.62,70.99K,1.58%
"May 27, 2020",34.74,35.93,36.16,33.98,112.25K,-3.95%
"May 26, 2020",36.17,35.66,36.68,35.26,129.98K,1.80%
"May 25, 2020",35.53,34.98,35.97,34.46,28.96K,1.14%
"May 22, 2020",35.13,36.18,36.23,33.54,174.59K,-2.58%
"May 21, 2020",36.06,35.82,36.98,35.75,178.55K,0.87%
"May 20, 2020",35.75,34.45,36.46,34.38,191.27K,3.17%
"May 19, 2020",34.65,35.66,35.76,34.2,188.93K,-0.46%
"May 18, 2020",34.81,32.78,35.72,32.69,232.25K,7.11%
"May 15, 2020",32.5,31.52,32.91,30.94,211.28K,4.40%
"May 14, 2020",31.13,29.52,31.55,28.88,222.21K,6.65%
"May 13, 2020",29.19,29.35,30.55,28.86,221.11K,-2.64%
"May 12, 2020",29.98,30.07,30.7,29.35,202.47K,1.18%
"May 11, 2020",29.63,30.7,31.47,29.35,242.21K,-4.33%
"May 08, 2020",30.97,29.6,31.14,29.43,147.30K,5.13%
"May 07, 2020",29.46,29.64,31.84,29.08,259.89K,-0.87%
"May 06, 2020",29.72,32.27,32.27,28.66,268.46K,-4.04%
"May 05, 2020",30.97,28.1,32.06,27.77,267.14K,13.86%
"May 04, 2020",27.2,26.1,28.08,25.5,215.73K,2.87%
"May 01, 2020",26.44,26.95,27.88,25.76,216.98K,4.63%
"Apr 30, 2020",25.27,22.87,25.76,22.87,9.69K,12.11%
"Apr 29, 2020",22.54,20.66,23.88,20.53,86.55K,10.17%
"Apr 28, 2020",20.46,19.9,21.29,18.73,123.22K,2.35%
"Apr 27, 2020",19.99,21.55,21.91,19.11,162.39K,-6.76%
"Apr 24, 2020",21.44,21.93,22.7,20.5,187.00K,0.52%
"Apr 23, 2020",21.33,20.89,23.22,20.07,256.30K,4.71%
"Apr 22, 2020",20.37,20.23,22.45,15.98,344.76K,5.38%
"Apr 21, 2020",19.33,26.33,26.5,17.51,637.21K,-24.40%
"Apr 20, 2020",25.57,28.05,28.25,25.37,361.83K,-8.94%
"Apr 17, 2020",28.08,28.66,28.93,27.58,286.17K,0.93%
"Apr 16, 2020",27.82,28.05,29.0,27.2,272.98K,0.47%
"Apr 15, 2020",27.69,30.26,30.33,27.16,284.34K,-6.45%
"Apr 14, 2020",29.6,32.25,32.32,29.38,297.55K,-6.74%
"Apr 13, 2020",31.74,33.99,33.99,30.63,223.29K,0.83%
"Apr 09, 2020",31.48,33.82,36.4,31.18,493.00K,-4.14%
"Apr 08, 2020",32.84,32.63,33.87,31.54,320.61K,3.04%
"Apr 07, 2020",31.87,33.66,34.18,31.74,303.42K,-3.57%
"Apr 06, 2020",33.05,31.76,34.24,30.03,296.07K,-3.11%
"Apr 03, 2020",34.11,29.89,35.0,28.25,541.28K,13.93%
"Apr 02, 2020",29.94,25.61,36.29,25.45,612.27K,21.02%
"Apr 01, 2020",24.74,25.99,26.28,24.52,347.29K,8.80%
"Mar 31, 2020",22.74,23.0,23.87,22.59,14.77K,-0.09%
"Mar 30, 2020",22.76,23.85,24.44,21.65,62.08K,-8.70%
"Mar 27, 2020",24.93,26.68,27.0,24.13,112.74K,-5.35%
"Mar 26, 2020",26.34,27.35,27.75,26.03,139.18K,-3.83%
"Mar 25, 2020",27.39,27.8,28.29,25.68,154.94K,0.88%
"Mar 24, 2020",27.15,27.72,28.65,26.69,198.91K,0.44%
"Mar 23, 2020",27.03,26.75,27.54,24.68,257.59K,0.19%
"Mar 20, 2020",26.98,28.1,30.94,26.81,313.84K,-5.23%
"Mar 19, 2020",28.47,27.19,29.42,24.96,335.72K,14.43%
"Mar 18, 2020",24.88,28.4,29.21,24.52,348.40K,-13.40%
"Mar 17, 2020",28.73,30.14,31.25,28.5,270.24K,-4.39%
"Mar 16, 2020",30.05,35.82,35.84,29.45,330.12K,-11.23%
"Mar 13, 2020",33.85,32.85,36.15,32.5,360.63K,1.90%
"Mar 12, 2020",33.22,35.99,36.46,32.5,472.74K,-7.18%
"Mar 11, 2020",35.79,37.27,39.7,35.35,471.77K,-3.84%
"Mar 10, 2020",37.22,35.84,38.22,35.0,551.29K,8.32%
"Mar 09, 2020",34.36,38.28,38.34,31.02,779.72K,-24.10%
"Mar 06, 2020",45.27,50.25,50.45,45.18,636.39K,-9.44%
"Mar 05, 2020",49.99,51.66,52.04,49.7,361.04K,-2.23%
"Mar 04, 2020",51.13,52.11,53.03,51.04,363.50K,-1.41%
"Mar 03, 2020",51.86,53.47,53.9,51.22,407.55K,-0.08%
"Mar 02, 2020",51.9,48.95,53.2,48.4,417.56K,2.73%
"Feb 28, 2020",50.52,51.42,51.52,50.05,20.36K,-3.18%
"Feb 27, 2020",52.18,53.18,53.25,50.97,112.16K,-2.34%
"Feb 26, 2020",53.43,55.13,55.45,53.03,171.50K,-2.77%
"Feb 25, 2020",54.95,56.46,56.98,54.62,210.28K,-2.40%
"Feb 24, 2020",56.3,57.85,57.86,55.13,236.33K,-3.76%
"Feb 21, 2020",58.5,59.0,59.25,57.73,236.49K,-1.37%
"Feb 20, 2020",59.31,59.31,60.0,58.9,268.65K,0.32%
"Feb 19, 2020",59.12,57.6,59.4,57.51,262.15K,2.37%
"Feb 18, 2020",57.75,57.35,57.83,56.3,249.20K,0.14%
"Feb 17, 2020",57.67,57.29,57.7,56.83,115.34K,0.61%
"Feb 14, 2020",57.32,56.41,57.53,56.15,258.14K,1.74%
"Feb 13, 2020",56.34,55.75,56.83,54.96,325.51K,0.99%
"Feb 12, 2020",55.79,54.41,56.36,54.39,305.45K,3.30%
"Feb 11, 2020",54.01,53.62,54.69,53.6,272.81K,1.39%
"Feb 10, 2020",53.27,54.2,54.71,53.11,280.18K,-2.20%
"Feb 07, 2020",54.47,55.14,55.4,54.21,270.80K,-0.84%
"Feb 06, 2020",54.93,55.56,56.58,54.25,379.87K,-0.63%
"Feb 05, 2020",55.28,54.05,56.46,54.05,412.27K,2.45%
"Feb 04, 2020",53.96,54.33,55.65,53.69,409.86K,-0.90%
"Feb 03, 2020",54.45,56.16,56.77,54.08,477.22K,-6.38%
"Jan 31, 2020",58.16,59.3,59.45,57.94,19.60K,-0.22%
"Jan 30, 2020",58.29,59.6,59.65,57.71,104.27K,-2.54%
"Jan 29, 2020",59.81,59.86,60.62,59.26,142.68K,0.50%
"Jan 28, 2020",59.51,59.03,60.12,58.5,248.95K,0.32%
"Jan 27, 2020",59.32,60.23,60.49,58.5,259.77K,-2.26%
"Jan 24, 2020",60.69,62.01,62.46,60.25,257.95K,-2.18%
"Jan 23, 2020",62.04,62.68,62.69,61.25,361.91K,-1.85%
"Jan 22, 2020",63.21,64.57,64.58,62.62,273.30K,-2.14%
"Jan 21, 2020",64.59,65.26,65.35,64.06,248.56K,-0.94%
"Jan 20, 2020",65.2,65.98,66.0,64.92,154.79K,0.54%
"Jan 17, 2020",64.85,64.69,65.6,64.48,238.64K,0.36%
"Jan 16, 2020",64.62,64.26,64.97,63.9,220.17K,0.97%
"Jan 15, 2020",64.0,64.44,64.6,63.55,229.53K,-0.76%
"Jan 14, 2020",64.49,64.29,65.05,63.92,270.50K,0.45%
"Jan 13, 2020",64.2,65.13,65.27,63.92,262.47K,-1.20%
"Jan 10, 2020",64.98,65.29,65.66,64.86,272.17K,-0.60%
"Jan 09, 2020",65.37,66.0,66.1,64.56,364.45K,-0.11%
"Jan 08, 2020",65.44,71.22,71.75,64.94,560.89K,-4.15%
"Jan 07, 2020",68.27,68.63,68.75,67.65,284.92K,-0.93%
"Jan 06, 2020",68.91,69.35,70.74,68.21,341.14K,0.45%
"Jan 03, 2020",68.6,66.28,69.5,66.22,479.70K,3.55%
"Jan 02, 2020",66.25,66.41,66.58,65.72,205.69K,0.38%
"Dec 31, 2019",66.0,66.65,66.93,65.63,171.01K,-3.57%
"Dec 30, 2019",68.44,68.2,68.99,68.16,29.42K,0.41%
"Dec 27, 2019",68.16,67.91,68.33,67.57,112.22K,0.35%
"Dec 26, 2019",67.92,67.27,67.99,67.22,69.82K,1.07%
"Dec 24, 2019",67.2,66.44,67.26,66.36,106.43K,1.22%
"Dec 23, 2019",66.39,66.15,66.62,65.81,131.42K,0.38%
"Dec 20, 2019",66.14,66.56,66.72,65.7,217.98K,-0.60%
"Dec 19, 2019",66.54,66.19,66.78,66.03,249.54K,0.56%
"Dec 18, 2019",66.17,65.84,66.43,65.56,262.34K,0.11%
"Dec 17, 2019",66.1,65.31,66.24,65.12,245.83K,1.16%
"Dec 16, 2019",65.34,65.05,65.66,64.88,186.09K,0.18%
"Dec 13, 2019",65.22,64.56,65.79,64.5,232.75K,1.59%
"Dec 12, 2019",64.2,63.9,64.85,63.87,238.31K,0.75%
"Dec 11, 2019",63.72,64.0,64.26,63.01,250.14K,-0.96%
"Dec 10, 2019",64.34,64.03,64.69,63.78,235.19K,0.14%
"Dec 09, 2019",64.25,64.29,64.5,63.61,239.77K,-0.22%
"Dec 06, 2019",64.39,63.41,64.88,62.83,314.60K,1.58%
"Dec 05, 2019",63.39,62.97,63.91,62.75,294.84K,0.62%
"Dec 04, 2019",63.0,61.08,63.51,61.0,319.04K,3.58%
"Dec 03, 2019",60.82,61.05,61.58,60.3,248.55K,-0.16%
"Dec 02, 2019",60.92,60.73,62.09,60.72,297.87K,-2.42%
"Nov 29, 2019",62.43,63.77,63.86,62.36,19.65K,-2.25%
"Nov 28, 2019",63.87,63.91,64.0,63.19,96.08K,-0.30%
"Nov 27, 2019",64.06,64.02,64.6,63.51,125.47K,-0.33%
"Nov 26, 2019",64.27,63.7,64.32,63.44,181.10K,0.97%
"Nov 25, 2019",63.65,63.6,63.8,62.97,212.05K,0.41%
"Nov 22, 2019",63.39,63.62,64.27,62.98,228.74K,-0.91%
"Nov 21, 2019",63.97,62.22,64.03,61.92,318.49K,2.52%
"Nov 20, 2019",62.4,60.94,62.8,60.3,343.31K,2.45%
"Nov 19, 2019",60.91,62.28,62.57,60.7,296.80K,-2.45%
"Nov 18, 2019",62.44,63.36,63.57,61.94,228.25K,-1.36%
"Nov 15, 2019",63.3,62.47,63.65,61.7,255.68K,1.64%
"Nov 14, 2019",62.28,62.61,63.21,62.15,234.78K,-0.14%
"Nov 13, 2019",62.37,61.85,62.74,61.22,273.03K,0.50%
"Nov 12, 2019",62.06,62.11,62.85,61.82,238.17K,-0.19%
"Nov 11, 2019",62.18,62.6,62.76,61.57,213.34K,-0.53%
"Nov 08, 2019",62.51,62.29,62.7,60.66,287.67K,0.35%
"Nov 07, 2019",62.29,61.73,62.89,61.65,261.07K,0.89%
"Nov 06, 2019",61.74,62.78,63.32,61.59,275.94K,-1.94%
"Nov 05, 2019",62.96,62.04,63.19,61.85,231.67K,1.34%
"Nov 04, 2019",62.13,61.8,62.78,61.28,235.38K,0.71%
"Nov 01, 2019",61.69,59.45,61.82,59.4,236.09K,2.42%
"Oct 31, 2019",60.23,60.57,61.13,60.07,13.90K,-0.63%
"Oct 30, 2019",60.61,61.6,61.93,60.45,105.87K,-1.59%
"Oct 29, 2019",61.59,61.61,61.98,60.66,136.93K,0.03%
"Oct 28, 2019",61.57,62.04,62.34,61.19,167.86K,-0.73%
"Oct 25, 2019",62.02,61.5,62.11,60.93,204.45K,0.57%
"Oct 24, 2019",61.67,60.99,61.9,60.64,215.54K,0.82%
"Oct 23, 2019",61.17,59.48,61.3,58.85,313.23K,2.46%
"Oct 22, 2019",59.7,59.05,60.26,58.75,260.60K,1.26%
"Oct 21, 2019",58.96,59.23,59.55,58.26,212.57K,-0.77%
"Oct 18, 2019",59.42,59.78,60.29,59.01,228.14K,-0.82%
"Oct 17, 2019",59.91,58.99,60.04,58.69,269.84K,0.82%
"Oct 16, 2019",59.42,58.9,59.75,58.36,257.88K,1.16%
"Oct 15, 2019",58.74,59.3,59.68,58.0,305.68K,-1.03%
"Oct 14, 2019",59.35,60.69,60.73,58.5,283.07K,-1.92%
"Oct 11, 2019",60.51,59.53,60.69,59.21,367.63K,2.39%
"Oct 10, 2019",59.1,58.04,59.6,57.8,262.53K,1.34%
"Oct 09, 2019",58.32,58.02,59.35,57.91,266.48K,0.14%
"Oct 08, 2019",58.24,58.47,58.92,57.38,274.74K,-0.19%
"Oct 07, 2019",58.35,58.02,59.68,58.02,228.41K,-0.03%
"Oct 04, 2019",58.37,57.69,58.96,57.67,299.92K,1.14%
"Oct 03, 2019",57.71,57.54,57.99,56.15,336.90K,0.03%
"Oct 02, 2019",57.69,59.25,59.5,57.22,307.91K,-2.04%
"Oct 01, 2019",58.89,59.38,60.1,58.41,291.67K,-3.11%
"Sep 30, 2019",60.78,62.24,62.24,60.73,22.01K,-1.83%
"Sep 27, 2019",61.91,62.48,62.75,60.76,97.33K,-1.32%
"Sep 26, 2019",62.74,62.58,62.92,61.45,115.57K,0.56%
"Sep 25, 2019",62.39,62.44,62.81,61.23,201.47K,-1.13%
"Sep 24, 2019",63.1,64.4,64.6,62.3,216.28K,-2.58%
"Sep 23, 2019",64.77,65.23,65.5,63.53,204.78K,0.76%
"Sep 20, 2019",64.28,65.0,65.28,64.05,224.88K,-0.19%
"Sep 19, 2019",64.4,63.51,65.57,63.46,258.85K,1.26%
"Sep 18, 2019",63.6,64.23,64.99,63.04,295.05K,-1.47%
"Sep 17, 2019",64.55,68.15,69.26,63.55,620.49K,-6.48%
"Sep 16, 2019",69.02,66.45,71.95,64.75,735.54K,14.61%
"Sep 13, 2019",60.22,60.45,60.81,59.6,195.83K,-0.26%
"Sep 12, 2019",60.38,61.16,61.39,58.92,358.09K,-0.71%
"Sep 11, 2019",60.81,62.88,63.27,60.52,315.12K,-2.52%
"Sep 10, 2019",62.38,62.82,63.78,62.17,267.55K,-0.34%
"Sep 09, 2019",62.59,61.6,63.0,61.57,249.71K,1.71%
"Sep 06, 2019",61.54,60.81,61.88,59.4,287.36K,0.97%
"Sep 05, 2019",60.95,60.49,62.4,60.25,292.06K,0.41%
"Sep 04, 2019",60.7,58.17,60.96,58.13,283.10K,4.19%
"Sep 03, 2019",58.26,58.54,58.87,57.23,265.12K,-0.68%
"Sep 02, 2019",58.66,58.8,59.26,58.1,121.64K,-2.93%
"Aug 30, 2019",60.43,60.98,61.17,60.25,25.14K,-1.06%
"Aug 29, 2019",61.08,60.48,61.19,59.98,131.09K,0.98%
"Aug 28, 2019",60.49,60.04,61.0,59.8,134.26K,1.65%
"Aug 27, 2019",59.51,58.8,60.17,58.51,218.37K,1.38%
"Aug 26, 2019",58.7,58.35,60.17,58.24,183.30K,-1.08%
"Aug 23, 2019",59.34,60.11,60.29,58.3,321.24K,-0.97%
"Aug 22, 2019",59.92,60.43,60.89,59.47,276.11K,-0.63%
"Aug 21, 2019",60.3,60.11,61.41,60.07,269.68K,0.45%
"Aug 20, 2019",60.03,59.68,60.32,58.95,245.25K,0.49%
"Aug 19, 2019",59.74,58.72,59.92,58.64,211.45K,1.88%
"Aug 16, 2019",58.64,58.41,59.5,58.28,209.43K,0.70%
"Aug 15, 2019",58.23,59.07,59.42,57.67,298.67K,-2.10%
"Aug 14, 2019",59.48,61.07,61.08,58.21,320.43K,-2.97%
"Aug 13, 2019",61.3,58.47,61.5,58.0,338.08K,4.66%
"Aug 12, 2019",58.57,58.3,58.88,57.88,221.35K,0.07%
"Aug 09, 2019",58.53,57.74,59.1,57.11,281.80K,2.00%
"Aug 08, 2019",57.38,57.48,58.01,56.77,299.69K,2.05%
"Aug 07, 2019",56.23,58.68,59.23,55.88,485.19K,-4.60%
"Aug 06, 2019",58.94,59.56,60.56,58.55,328.15K,-1.45%
"Aug 05, 2019",59.81,61.46,61.56,59.66,378.86K,-3.36%
"Aug 02, 2019",61.89,61.16,62.95,60.98,364.14K,2.30%
"Aug 01, 2019",60.5,64.09,64.54,60.02,433.72K,-7.17%
"Jul 31, 2019",65.17,64.95,65.42,64.95,18.76K,0.70%
"Jul 30, 2019",64.72,63.91,65.14,63.9,86.10K,1.59%
"Jul 29, 2019",63.71,63.32,63.9,62.92,101.70K,0.39%
"Jul 26, 2019",63.46,63.28,63.96,63.01,159.86K,0.11%
"Jul 25, 2019",63.39,63.21,64.23,63.01,169.84K,0.33%
"Jul 24, 2019",63.18,64.13,64.66,62.59,301.51K,-1.02%
"Jul 23, 2019",63.83,63.26,64.46,62.66,272.73K,0.90%
"Jul 22, 2019",63.26,63.05,64.03,62.77,267.78K,1.26%
"Jul 19, 2019",62.47,62.5,63.37,61.83,298.98K,0.87%
"Jul 18, 2019",61.93,63.52,64.46,61.29,374.89K,-2.72%
"Jul 17, 2019",63.66,64.44,65.28,63.22,274.93K,-1.07%
"Jul 16, 2019",64.35,66.31,67.09,63.82,356.74K,-3.20%
"Jul 15, 2019",66.48,66.87,67.47,66.11,283.09K,-0.36%
"Jul 12, 2019",66.72,66.83,67.29,66.51,244.70K,0.30%
"Jul 11, 2019",66.52,66.81,67.65,66.43,283.02K,-0.73%
"Jul 10, 2019",67.01,64.78,67.12,64.63,349.51K,4.44%
"Jul 09, 2019",64.16,63.81,64.75,63.76,263.89K,0.08%
"Jul 08, 2019",64.11,64.34,65.14,63.79,253.82K,-0.19%
"Jul 05, 2019",64.23,63.27,64.52,62.91,203.54K,1.47%
"Jul 04, 2019",63.3,63.88,64.07,62.95,114.98K,-0.81%
"Jul 03, 2019",63.82,62.9,64.01,62.09,281.75K,2.28%
"Jul 02, 2019",62.4,64.8,65.51,62.22,386.94K,-4.09%
"Jul 01, 2019",65.06,65.05,66.75,64.22,361.41K,-2.24%
"Jun 28, 2019",66.55,66.51,66.84,66.08,34.62K,0.00%
"Jun 27, 2019",66.55,66.05,66.82,65.63,103.16K,0.09%
"Jun 26, 2019",66.49,65.8,66.85,65.6,141.95K,2.21%
"Jun 25, 2019",65.05,64.89,65.98,64.17,205.80K,0.29%
"Jun 24, 2019",64.86,65.5,65.79,64.08,217.44K,-0.52%
"Jun 21, 2019",65.2,64.86,65.76,64.0,257.92K,1.16%
"Jun 20, 2019",64.45,62.45,64.82,62.4,394.17K,4.25%
"Jun 19, 2019",61.82,62.4,62.55,61.4,320.06K,-0.51%
"Jun 18, 2019",62.14,60.93,62.84,60.25,327.70K,1.97%
"Jun 17, 2019",60.94,62.07,62.37,60.74,236.16K,-1.73%
"Jun 14, 2019",62.01,61.25,62.57,60.74,262.31K,1.14%
"Jun 13, 2019",61.31,59.94,62.64,59.78,435.42K,2.23%
"Jun 12, 2019",59.97,61.79,61.85,59.57,343.21K,-3.72%
"Jun 11, 2019",62.29,62.3,62.87,62.01,302.74K,0.00%
"Jun 10, 2019",62.29,63.58,64.1,62.05,278.49K,-1.58%
"Jun 07, 2019",63.29,62.4,63.59,61.77,307.96K,2.63%
"Jun 06, 2019",61.67,60.4,62.43,60.22,343.64K,1.72%
"Jun 05, 2019",60.63,61.58,62.27,59.45,428.01K,-2.16%
"Jun 04, 2019",61.97,61.0,62.12,60.21,370.27K,1.13%
"Jun 03, 2019",61.28,61.64,62.84,60.55,386.56K,-4.98%
"May 31, 2019",64.49,66.24,66.28,64.37,21.75K,-3.56%
"May 30, 2019",66.87,69.68,69.96,66.31,105.27K,-3.71%
"May 29, 2019",69.45,70.1,70.1,68.08,148.48K,-0.94%
"May 28, 2019",70.11,69.99,70.59,69.58,238.88K,0.00%
"May 27, 2019",70.11,69.15,70.23,68.53,72.18K,2.07%
"May 24, 2019",68.69,67.99,69.3,67.33,292.09K,1.37%
"May 23, 2019",67.76,70.86,70.97,67.02,434.54K,-4.55%
"May 22, 2019",70.99,71.91,72.04,70.42,371.52K,-1.65%
"May 21, 2019",72.18,72.15,72.52,71.63,303.74K,0.29%
"May 20, 2019",71.97,72.5,73.4,71.6,301.98K,-0.33%
"May 17, 2019",72.21,72.82,73.23,71.79,255.53K,-0.56%
"May 16, 2019",72.62,72.05,73.36,71.82,326.44K,1.18%
"May 15, 2019",71.77,70.9,72.25,70.42,272.44K,0.74%
"May 14, 2019",71.24,70.02,71.65,69.93,299.77K,1.44%
"May 13, 2019",70.23,70.83,72.58,69.72,373.47K,-0.55%
"May 10, 2019",70.62,70.45,71.23,70.18,300.46K,0.33%
"May 09, 2019",70.39,70.23,70.65,69.4,328.74K,0.03%
"May 08, 2019",70.37,69.88,70.7,69.33,295.44K,0.70%
"May 07, 2019",69.88,71.15,71.33,69.38,332.07K,-1.91%
"May 06, 2019",71.24,70.59,71.79,68.79,227.02K,0.55%
"May 03, 2019",70.85,70.48,71.54,69.95,249.81K,0.14%
"May 02, 2019",70.75,72.0,72.22,69.68,346.63K,-1.98%
"May 01, 2019",72.18,71.73,72.36,71.3,230.80K,-0.85%
"Apr 30, 2019",72.8,71.94,73.27,71.73,25.34K,1.05%
"Apr 29, 2019",72.04,71.56,72.5,71.06,147.41K,-0.15%
"Apr 26, 2019",72.15,74.2,74.42,71.3,222.89K,-2.96%
"Apr 25, 2019",74.35,74.46,75.6,74.0,309.21K,-0.30%
"Apr 24, 2019",74.57,74.27,74.73,74.02,276.67K,0.08%
"Apr 23, 2019",74.51,74.38,74.73,73.99,308.99K,0.63%
"Apr 22, 2019",74.04,71.93,74.52,71.86,305.17K,2.88%
"Apr 18, 2019",71.97,71.63,72.04,71.2,259.04K,0.49%
"Apr 17, 2019",71.62,71.83,72.27,71.45,276.61K,-0.14%
"Apr 16, 2019",71.72,71.21,71.95,70.74,273.90K,0.76%
"Apr 15, 2019",71.18,71.55,71.6,70.78,219.15K,-0.52%
"Apr 12, 2019",71.55,70.95,71.87,70.9,237.22K,1.02%
"Apr 11, 2019",70.83,71.56,71.68,70.57,278.09K,-1.25%
"Apr 10, 2019",71.73,70.82,71.78,70.57,288.89K,1.59%
"Apr 09, 2019",70.61,71.19,71.34,70.3,267.49K,-0.69%
"Apr 08, 2019",71.1,70.56,71.19,70.43,288.13K,1.08%
"Apr 05, 2019",70.34,69.13,70.48,68.92,263.87K,1.35%
"Apr 04, 2019",69.4,69.44,70.03,68.87,281.88K,0.13%
"Apr 03, 2019",69.31,69.47,69.96,68.8,341.50K,-0.09%
"Apr 02, 2019",69.37,69.22,69.58,68.69,299.30K,0.52%
"Apr 01, 2019",69.01,67.58,69.22,67.58,320.77K,0.91%
"Mar 29, 2019",68.39,68.01,68.89,67.81,20.62K,0.84%
"Mar 28, 2019",67.82,67.75,68.0,66.54,131.64K,-0.01%
"Mar 27, 2019",67.83,67.9,68.35,67.19,148.15K,-0.21%
"Mar 26, 2019",67.97,67.36,68.23,67.24,197.54K,1.13%
"Mar 25, 2019",67.21,67.0,67.65,66.36,216.76K,0.27%
"Mar 22, 2019",67.03,67.76,67.98,66.2,284.52K,-1.22%
"Mar 21, 2019",67.86,68.38,68.69,67.59,303.23K,-0.93%
"Mar 20, 2019",68.5,67.66,68.57,67.19,235.49K,1.32%
"Mar 19, 2019",67.61,67.49,68.2,67.13,234.14K,0.10%
"Mar 18, 2019",67.54,67.14,67.69,66.69,208.53K,0.57%
"Mar 15, 2019",67.16,67.18,67.71,66.13,254.32K,-0.10%
"Mar 14, 2019",67.23,67.65,68.14,67.03,235.99K,-0.47%
"Mar 13, 2019",67.55,66.91,67.76,66.7,243.20K,1.32%
"Mar 12, 2019",66.67,66.7,67.39,66.34,252.13K,0.14%
"Mar 11, 2019",66.58,65.76,66.75,65.63,247.81K,1.28%
"Mar 08, 2019",65.74,66.08,66.09,64.02,316.39K,-0.84%
"Mar 07, 2019",66.3,65.88,67.0,65.75,276.24K,0.47%
"Mar 06, 2019",65.99,65.49,66.18,65.22,283.20K,0.20%
"Mar 05, 2019",65.86,65.46,66.23,65.04,216.39K,0.29%
"Mar 04, 2019",65.67,64.97,66.34,64.93,233.54K,0.92%
"Mar 01, 2019",65.07,66.48,67.14,64.59,297.19K,-1.45%
"Feb 28, 2019",66.03,66.38,66.38,65.67,19.67K,-0.54%
"Feb 27, 2019",66.39,65.64,66.7,65.27,102.14K,1.81%
"Feb 26, 2019",65.21,64.79,65.74,64.32,127.60K,0.69%
"Feb 25, 2019",64.76,66.97,67.47,64.54,220.94K,-3.52%
"Feb 22, 2019",67.12,66.96,67.73,66.87,177.62K,0.07%
"Feb 21, 2019",67.07,67.05,67.31,66.69,245.86K,-0.01%
"Feb 20, 2019",67.08,66.3,67.38,65.63,276.48K,0.95%
"Feb 19, 2019",66.45,66.44,66.65,65.58,246.65K,-0.08%
"Feb 18, 2019",66.5,66.39,66.83,65.9,175.24K,0.38%
"Feb 15, 2019",66.25,64.86,66.39,64.42,294.49K,2.60%
"Feb 14, 2019",64.57,63.69,64.81,63.25,287.45K,1.51%
"Feb 13, 2019",63.61,62.7,63.98,62.69,269.68K,1.91%
"Feb 12, 2019",62.42,61.59,63.34,61.59,278.80K,1.48%
"Feb 11, 2019",61.51,62.11,62.34,60.9,280.96K,-0.95%
"Feb 08, 2019",62.1,61.66,62.36,61.04,254.95K,0.76%
"Feb 07, 2019",61.63,62.5,62.91,60.6,286.17K,-1.69%
"Feb 06, 2019",62.69,62.06,62.8,61.05,225.57K,1.15%
"Feb 05, 2019",61.98,62.64,63.02,61.72,215.36K,-0.85%
"Feb 04, 2019",62.51,62.83,63.63,61.28,297.43K,-0.38%
"Feb 01, 2019",62.75,61.06,62.97,60.46,267.22K,1.39%
"Jan 31, 2019",61.89,61.97,62.32,61.57,20.63K,0.39%
"Jan 30, 2019",61.65,61.26,62.67,61.04,90.93K,0.54%
"Jan 29, 2019",61.32,59.87,61.79,59.75,142.13K,2.32%
"Jan 28, 2019",59.93,61.49,61.69,59.49,214.19K,-2.77%
"Jan 25, 2019",61.64,61.13,61.92,60.7,218.03K,0.90%
"Jan 24, 2019",61.09,61.02,61.51,60.41,274.48K,-0.08%
"Jan 23, 2019",61.14,61.37,62.33,60.21,308.46K,-0.59%
"Jan 22, 2019",61.5,62.59,62.71,60.57,283.22K,-1.98%
"Jan 21, 2019",62.74,62.74,63.15,62.25,138.08K,0.06%
"Jan 18, 2019",62.7,61.33,63.0,61.32,288.91K,2.48%
"Jan 17, 2019",61.18,61.05,61.54,60.04,278.42K,-0.23%
"Jan 16, 2019",61.32,60.42,61.45,60.03,315.59K,1.12%
"Jan 15, 2019",60.64,59.36,60.86,59.11,234.36K,2.80%
"Jan 14, 2019",58.99,60.62,61.04,58.9,263.28K,-2.46%
"Jan 11, 2019",60.48,61.19,62.49,60.08,292.79K,-1.95%
"Jan 10, 2019",61.68,61.15,61.91,60.44,300.92K,0.39%
"Jan 09, 2019",61.44,59.15,61.69,59.05,329.05K,4.63%
"Jan 08, 2019",58.72,57.64,58.87,57.13,288.25K,2.42%
"Jan 07, 2019",57.33,57.41,58.93,57.26,296.58K,0.47%
"Jan 04, 2019",57.06,55.67,58.31,55.34,321.11K,1.98%
"Jan 03, 2019",55.95,54.29,56.3,53.93,278.36K,1.89%
"Jan 02, 2019",54.91,54.12,56.56,52.51,300.95K,2.06%
"Dec 31, 2018",53.8,53.0,54.82,52.66,109.11K,3.07%
"Dec 28, 2018",52.2,53.44,53.8,51.6,17.11K,0.08%
"Dec 27, 2018",52.16,54.65,54.67,51.94,102.59K,-4.24%
"Dec 26, 2018",54.47,50.84,55.29,49.93,77.00K,7.93%
"Dec 24, 2018",50.47,53.49,54.66,50.36,76.22K,-6.22%
"Dec 21, 2018",53.82,54.97,55.33,52.79,226.34K,-0.98%
"Dec 20, 2018",54.35,56.49,56.75,54.28,299.45K,-5.05%
"Dec 19, 2018",57.24,56.51,58.11,56.04,319.37K,1.74%
"Dec 18, 2018",56.26,59.0,59.24,55.89,398.56K,-5.62%
"Dec 17, 2018",59.61,60.25,61.21,58.64,246.03K,-1.11%
"Dec 14, 2018",60.28,61.53,61.58,59.92,206.56K,-1.90%
"Dec 13, 2018",61.45,60.29,62.02,59.33,252.40K,2.16%
"Dec 12, 2018",60.15,60.67,61.43,59.98,246.92K,-0.08%
"Dec 11, 2018",60.2,59.91,61.1,59.58,235.33K,0.38%
"Dec 10, 2018",59.97,61.34,62.33,59.61,264.95K,-2.76%
"Dec 07, 2018",61.67,60.25,63.73,59.1,423.08K,2.68%
"Dec 06, 2018",60.06,61.36,61.97,58.36,399.99K,-2.44%
"Dec 05, 2018",61.56,61.35,63.29,60.8,256.24K,-0.84%
"Dec 04, 2018",62.08,61.9,63.58,61.24,277.42K,0.63%
"Dec 03, 2018",61.69,59.98,62.6,59.85,294.77K,5.08%
"Nov 30, 2018",58.71,59.28,59.93,58.25,27.02K,-1.34%
"Nov 29, 2018",59.51,59.12,60.37,57.5,94.57K,1.28%
"Nov 28, 2018",58.76,60.63,61.27,58.55,150.81K,-2.41%
"Nov 27, 2018",60.21,60.39,61.4,58.92,271.17K,-0.45%
"Nov 26, 2018",60.48,58.98,61.13,58.6,267.38K,2.86%
"Nov 23, 2018",58.8,62.58,62.79,58.41,279.67K,-6.07%
"Nov 22, 2018",62.6,63.6,63.81,62.27,164.11K,-1.39%
"Nov 21, 2018",63.48,62.6,64.48,62.56,334.98K,1.52%
"Nov 20, 2018",62.53,66.9,66.9,61.71,417.01K,-6.38%
"Nov 19, 2018",66.79,66.99,67.64,65.27,262.55K,0.04%
"Nov 16, 2018",66.76,66.68,68.38,66.06,327.72K,0.21%
"Nov 15, 2018",66.62,66.12,67.42,65.77,316.04K,0.76%
"Nov 14, 2018",66.12,65.62,67.63,65.02,379.72K,0.99%
"Nov 13, 2018",65.47,69.13,69.68,64.61,445.04K,-6.63%
"Nov 12, 2018",70.12,70.69,71.88,68.87,319.23K,-0.09%
"Nov 09, 2018",70.18,70.87,70.99,69.13,292.21K,-0.67%
"Nov 08, 2018",70.65,72.1,73.08,70.56,350.47K,-1.97%
"Nov 07, 2018",72.07,71.66,73.55,71.36,361.36K,-0.08%
"Nov 06, 2018",72.13,72.85,73.28,71.18,290.88K,-1.42%
"Nov 05, 2018",73.17,72.85,74.13,72.26,231.14K,0.47%
"Nov 02, 2018",72.83,72.75,73.5,72.16,312.87K,-0.08%
"Nov 01, 2018",72.89,74.69,74.99,72.56,360.16K,-3.42%
"Oct 31, 2018",75.47,76.28,76.92,75.42,34.70K,-0.58%
"Oct 30, 2018",75.91,76.82,77.32,75.09,115.19K,-1.85%
"Oct 29, 2018",77.34,77.64,78.03,76.55,117.94K,-0.36%
"Oct 26, 2018",77.62,76.6,77.91,75.77,229.75K,0.95%
"Oct 25, 2018",76.89,75.67,77.08,75.35,215.24K,0.95%
"Oct 24, 2018",76.17,76.35,77.57,75.11,366.65K,-0.35%
"Oct 23, 2018",76.44,80.04,80.12,75.88,513.72K,-4.25%
"Oct 22, 2018",79.83,80.11,80.41,78.99,269.91K,0.06%
"Oct 19, 2018",79.78,79.44,80.88,79.22,291.07K,0.62%
"Oct 18, 2018",79.29,80.23,80.31,78.69,359.01K,-0.95%
"Oct 17, 2018",80.05,81.74,81.85,79.17,336.60K,-1.67%
"Oct 16, 2018",81.41,80.88,81.75,79.8,329.33K,0.78%
"Oct 15, 2018",80.78,81.0,81.92,79.85,284.65K,0.44%
"Oct 12, 2018",80.43,80.28,81.48,79.23,373.09K,0.21%
"Oct 11, 2018",80.26,82.47,82.63,79.8,482.51K,-3.41%
"Oct 10, 2018",83.09,84.98,85.17,82.26,319.09K,-2.25%
"Oct 09, 2018",85.0,83.91,85.45,83.73,351.40K,1.30%
"Oct 08, 2018",83.91,84.17,84.31,82.66,290.09K,-0.30%
"Oct 05, 2018",84.16,84.89,85.12,83.92,300.62K,-0.50%
"Oct 04, 2018",84.58,85.99,86.43,84.14,361.25K,-1.98%
"Oct 03, 2018",86.29,84.79,86.74,84.01,345.22K,1.76%
"Oct 02, 2018",84.8,84.95,85.38,84.31,268.61K,-0.21%
"Oct 01, 2018",84.98,82.79,85.45,82.55,347.53K,2.73%
"Sep 28, 2018",82.72,81.63,82.87,81.6,19.68K,1.22%
"Sep 27, 2018",81.72,81.8,82.44,81.32,124.00K,0.47%
"Sep 26, 2018",81.34,81.45,82.22,81.1,130.53K,-0.65%
"Sep 25, 2018",81.87,81.35,82.55,81.17,240.40K,0.83%
"Sep 24, 2018",81.2,78.97,81.48,78.97,243.31K,3.05%
"Sep 21, 2018",78.8,78.67,80.12,78.23,297.57K,0.13%
"Sep 20, 2018",78.7,79.44,79.83,78.51,300.16K,-0.88%
"Sep 19, 2018",79.4,78.97,79.5,78.51,275.87K,0.47%
"Sep 18, 2018",79.03,77.78,79.73,77.46,259.18K,1.26%
"Sep 17, 2018",78.05,78.07,78.9,77.73,207.61K,-0.05%
"Sep 14, 2018",78.09,78.45,78.94,77.37,261.06K,-0.12%
"Sep 13, 2018",78.18,79.6,79.71,77.87,298.14K,-1.96%
"Sep 12, 2018",79.74,79.42,80.13,78.75,315.27K,0.86%
"Sep 11, 2018",79.06,77.38,79.54,77.36,280.31K,2.18%
"Sep 10, 2018",77.37,77.08,77.92,76.9,244.53K,0.70%
"Sep 07, 2018",76.83,76.69,77.1,75.88,209.00K,0.43%
"Sep 06, 2018",76.5,77.02,77.77,75.64,274.79K,-1.00%
"Sep 05, 2018",77.27,77.82,78.09,76.91,277.12K,-1.15%
"Sep 04, 2018",78.17,78.19,79.72,77.44,320.45K,0.03%
"Sep 03, 2018",78.15,77.69,78.44,77.3,110.91K,0.94%
"Aug 31, 2018",77.42,77.53,77.79,77.0,25.83K,-0.45%
"Aug 30, 2018",77.77,77.33,78.03,77.18,90.22K,0.82%
"Aug 29, 2018",77.14,75.99,77.42,75.67,130.44K,1.57%
"Aug 28, 2018",75.95,76.34,76.97,75.73,179.66K,-0.34%
"Aug 27, 2018",76.21,75.54,76.34,75.39,101.08K,0.51%
"Aug 24, 2018",75.82,74.73,76.42,74.68,235.09K,1.46%
"Aug 23, 2018",74.73,74.72,74.87,74.21,199.66K,-0.07%
"Aug 22, 2018",74.78,72.76,75.0,72.7,300.69K,2.96%
"Aug 21, 2018",72.63,72.15,72.95,72.05,201.24K,0.58%
"Aug 20, 2018",72.21,71.77,72.75,71.42,249.10K,0.53%
"Aug 17, 2018",71.83,71.35,72.49,71.25,217.16K,0.56%
"Aug 16, 2018",71.43,70.65,71.52,70.4,227.20K,0.95%
"Aug 15, 2018",70.76,72.22,72.44,70.3,298.11K,-2.35%
"Aug 14, 2018",72.46,72.82,73.93,72.16,242.75K,-0.21%
"Aug 13, 2018",72.61,73.0,73.09,71.04,220.34K,-0.27%
"Aug 10, 2018",72.81,71.97,73.14,71.4,228.74K,1.03%
"Aug 09, 2018",72.07,72.16,72.89,71.86,197.06K,-0.29%
"Aug 08, 2018",72.28,74.64,74.87,71.65,269.51K,-3.17%
"Aug 07, 2018",74.65,73.61,74.9,73.57,228.99K,1.22%
"Aug 06, 2018",73.75,73.21,74.47,73.08,200.58K,0.74%
"Aug 03, 2018",73.21,73.37,73.73,72.48,175.36K,-0.33%
"Aug 02, 2018",73.45,72.42,73.75,71.84,226.45K,1.46%
"Aug 01, 2018",72.39,74.07,74.12,72.13,284.02K,-2.51%
"Jul 31, 2018",74.25,74.93,75.1,74.14,21.88K,-0.96%
"Jul 30, 2018",74.97,74.31,75.27,74.14,81.03K,0.92%
"Jul 27, 2018",74.29,74.5,74.85,73.83,119.34K,-0.34%
"Jul 26, 2018",74.54,74.37,74.83,73.77,183.35K,0.83%
"Jul 25, 2018",73.93,73.7,74.6,73.07,210.87K,0.67%
"Jul 24, 2018",73.44,72.91,74.0,72.68,215.15K,0.52%
"Jul 23, 2018",73.06,73.22,74.5,72.52,316.98K,-0.01%
"Jul 20, 2018",73.07,72.65,73.47,72.26,231.51K,0.68%
"Jul 19, 2018",72.58,73.06,73.79,71.83,313.81K,-0.44%
"Jul 18, 2018",72.9,71.74,73.28,71.19,287.11K,1.03%
"Jul 17, 2018",72.16,72.01,72.78,71.35,286.44K,0.45%
"Jul 16, 2018",71.84,74.92,75.37,71.52,330.00K,-4.63%
"Jul 13, 2018",75.33,74.34,75.93,73.22,302.43K,1.18%
"Jul 12, 2018",74.45,74.17,75.1,72.67,416.41K,1.43%
"Jul 11, 2018",73.4,78.78,78.83,73.04,560.84K,-6.92%
"Jul 10, 2018",78.86,78.25,79.51,78.15,261.55K,1.01%
"Jul 09, 2018",78.07,77.21,78.31,77.04,212.19K,1.24%
"Jul 06, 2018",77.11,77.57,77.68,76.36,315.28K,-0.36%
"Jul 05, 2018",77.39,78.14,78.5,77.3,254.02K,-1.09%
"Jul 04, 2018",78.24,77.89,78.28,77.61,97.25K,0.62%
"Jul 03, 2018",77.76,77.4,78.55,76.67,273.46K,0.60%
"Jul 02, 2018",77.3,78.55,78.95,77.16,265.38K,-2.69%
"Jun 29, 2018",79.44,77.79,79.7,77.45,17.12K,2.04%
"Jun 28, 2018",77.85,77.5,78.42,77.09,144.22K,0.30%
"Jun 27, 2018",77.62,76.54,78.16,76.28,166.19K,1.72%
"Jun 26, 2018",76.31,74.74,76.72,74.13,289.47K,2.11%
"Jun 25, 2018",74.73,74.8,75.13,73.74,274.38K,-1.09%
"Jun 22, 2018",75.55,73.24,75.83,73.24,377.39K,3.42%
"Jun 21, 2018",73.05,74.46,74.69,72.93,411.81K,-2.26%
"Jun 20, 2018",74.74,75.2,75.86,74.1,368.84K,-0.45%
"Jun 19, 2018",75.08,75.24,75.55,74.45,290.59K,-0.35%
"Jun 18, 2018",75.34,73.06,75.49,72.45,316.12K,2.59%
"Jun 15, 2018",73.44,75.98,76.06,73.0,285.80K,-3.29%
"Jun 14, 2018",75.94,76.56,76.92,75.76,279.21K,-1.04%
"Jun 13, 2018",76.74,75.4,76.87,75.26,292.47K,1.13%
"Jun 12, 2018",75.88,76.5,77.07,75.43,260.33K,-0.76%
"Jun 11, 2018",76.46,76.3,76.84,75.52,231.28K,0.00%
"Jun 08, 2018",76.46,77.39,77.61,76.12,251.83K,-1.11%
"Jun 07, 2018",77.32,75.88,77.45,75.44,327.98K,2.60%
"Jun 06, 2018",75.36,75.19,76.25,74.46,365.65K,-0.03%
"Jun 05, 2018",75.38,75.4,75.74,73.81,400.85K,0.12%
"Jun 04, 2018",75.29,76.66,76.95,75.2,324.29K,-1.95%
"Jun 01, 2018",76.79,77.71,77.95,76.35,296.57K,-1.03%
"May 31, 2018",77.59,77.37,78.75,77.04,21.44K,0.12%
"May 30, 2018",77.5,75.37,77.73,74.81,125.33K,2.80%
"May 29, 2018",75.39,75.82,76.2,74.54,114.46K,0.12%
"May 28, 2018",75.3,76.11,76.17,74.49,65.10K,-1.49%
"May 25, 2018",76.44,78.82,78.88,76.01,275.72K,-2.98%
"May 24, 2018",78.79,79.65,79.78,78.57,228.58K,-1.27%
"May 23, 2018",79.8,79.47,79.85,78.21,292.97K,0.29%
"May 22, 2018",79.57,79.36,80.49,79.16,305.31K,0.44%
"May 21, 2018",79.22,78.61,79.59,78.1,245.77K,0.90%
"May 18, 2018",78.51,79.46,79.87,78.33,277.28K,-1.00%
"May 17, 2018",79.3,79.26,80.5,79.12,330.17K,0.03%
"May 16, 2018",79.28,78.1,79.35,77.61,336.57K,1.08%
"May 15, 2018",78.43,78.42,79.47,77.9,390.92K,0.26%
"May 14, 2018",78.23,77.05,78.53,76.55,290.13K,1.44%
"May 11, 2018",77.12,77.55,77.6,76.95,261.80K,-0.45%
"May 10, 2018",77.47,77.44,78.0,76.51,314.19K,0.34%
"May 09, 2018",77.21,76.19,77.43,76.08,364.75K,3.15%
"May 08, 2018",74.85,75.6,76.18,73.1,519.80K,-1.73%
"May 07, 2018",76.17,75.0,76.34,74.83,230.47K,1.74%
"May 04, 2018",74.87,73.74,75.08,73.24,289.86K,1.70%
"May 03, 2018",73.62,73.07,74.09,72.47,382.14K,0.35%
"May 02, 2018",73.36,73.28,73.63,72.38,347.06K,0.31%
"May 01, 2018",73.13,74.65,74.98,72.74,360.97K,-2.71%
